location,year,ethanol_beer_gallons_per_capita,ethanol_wine_gallons_per_capita,ethanol_spirit_gallons_per_capita,ethanol_all_drinks_gallons_per_capita
alabama,2016,1.09,0.26,0.65,2.01
alabama,2015,1.11,0.26,0.64,2.01
alabama,2014,1.13,0.25,0.62,2
alabama,2013,1.14,0.25,0.6,1.99
alabama,2012,1.16,0.24,0.6,2
alabama,2011,1.16,0.24,0.59,1.98
alabama,2010,1.17,0.23,0.58,1.98
alabama,2009,1.19,0.22,0.57,1.98
alabama,2008,1.22,0.22,0.57,2.01
alabama,2007,1.23,0.22,0.55,2
alabama,2006,1.21,0.21,0.54,1.95
alabama,2005,1.18,0.2,0.53,1.91
alabama,2004,1.19,0.2,0.52,1.91
alabama,2003,1.19,0.19,0.52,1.9
alabama,2002,1.18,0.21,0.54,1.92
alabama,2001,1.16,0.17,0.53,1.86
alabama,2000,1.19,0.18,0.51,1.88
alabama,1999,1.18,0.17,0.51,1.87
alabama,1998,1.16,0.17,0.51,1.85
alabama,1997,1.14,0.16,0.52,1.82
alabama,1996,1.17,0.18,0.53,1.88
alabama,1995,1.14,0.16,0.53,1.82
alabama,1994,1.16,0.17,0.54,1.87
alabama,1993,1.14,0.17,0.56,1.86
alabama,1992,1.02,0.19,0.59,1.79
alabama,1991,1,0.17,0.59,1.76
alabama,1990,1.12,0.18,0.61,1.92
alabama,1989,1.12,0.17,0.61,1.9
alabama,1988,1.12,0.19,0.62,1.92
alabama,1987,1.11,0.18,0.62,1.91
alabama,1986,1.1,0.18,0.65,1.92
alabama,1985,1.07,0.17,0.67,1.92
alabama,1984,1.03,0.19,0.69,1.91
alabama,1983,1.01,0.17,0.72,1.9
alabama,1982,1,0.18,0.72,1.9
alabama,1981,1,0.19,0.73,1.91
alabama,1980,0.95,0.16,0.74,1.86
alabama,1979,0.96,0.12,0.82,1.9
alabama,1978,0.95,0.12,0.85,1.92
alabama,1977,0.97,0.12,0.82,1.92
alaska,2016,1.15,0.56,1.23,2.94
alaska,2015,1.11,0.53,1.2,2.84
alaska,2014,1.11,0.52,1.16,2.79
alaska,2013,1.07,0.52,1.17,2.75
alaska,2012,1.17,0.53,1.13,2.83
alaska,2011,1.15,0.54,1.17,2.86
alaska,2010,1.23,0.55,1.25,3.03
alaska,2009,1.32,0.54,1.16,3.02
alaska,2008,1.2,0.49,1.09,2.78
alaska,2007,1.13,0.44,0.96,2.53
alaska,2006,1.25,0.47,1.03,2.75
alaska,2005,1.23,0.43,0.98,2.64
alaska,2004,1.31,0.44,0.95,2.71
alaska,2003,1.27,0.37,0.79,2.43
alaska,2002,1.35,0.45,1.19,2.99
alaska,2001,1.32,0.38,0.96,2.67
alaska,2000,1.37,0.37,0.94,2.68
alaska,1999,1.4,0.38,0.95,2.74
alaska,1998,1.39,0.37,0.95,2.71
alaska,1997,1.31,0.36,0.88,2.56
alaska,1996,1.31,0.38,0.94,2.63
alaska,1995,1.45,0.39,1.02,2.86
alaska,1994,1.53,0.4,1.1,3.03
alaska,1993,1.31,0.32,0.92,2.55
alaska,1992,1.53,0.41,1.08,3.02
alaska,1991,1.54,0.43,1.14,3.11
alaska,1990,1.62,0.46,1.25,3.33
alaska,1989,1.52,0.44,1.19,3.15
alaska,1988,1.54,0.47,1.19,3.21
alaska,1987,1.6,0.52,1.26,3.38
alaska,1986,1.65,0.55,1.25,3.45
alaska,1985,1.63,0.56,1.48,3.68
alaska,1984,1.67,0.56,1.5,3.72
alaska,1983,1.71,0.59,1.65,3.95
alaska,1982,1.69,0.54,1.68,3.92
alaska,1981,1.68,0.56,1.79,4.02
alaska,1980,1.54,0.5,1.68,3.72
alaska,1979,1.48,0.46,1.63,3.58
alaska,1978,1.39,0.45,1.67,3.51
alaska,1977,1.19,0.42,1.69,3.3
arizona,2016,1.14,0.4,0.78,2.31
arizona,2015,1.16,0.4,0.78,2.34
arizona,2014,1.18,0.4,0.79,2.37
arizona,2013,1.13,0.42,0.81,2.36
arizona,2012,1.14,0.45,0.84,2.43
arizona,2011,1.15,0.44,0.8,2.39
arizona,2010,1.23,0.41,0.76,2.39
arizona,2009,1.22,0.39,0.77,2.38
arizona,2008,1.3,0.41,0.77,2.48
arizona,2007,1.39,0.34,0.78,2.51
arizona,2006,1.34,0.38,0.79,2.51
arizona,2005,1.35,0.4,0.76,2.51
arizona,2004,1.4,0.34,0.71,2.44
arizona,2003,1.41,0.37,0.71,2.49
arizona,2002,1.46,0.33,0.69,2.48
arizona,2001,1.47,0.33,0.7,2.5
arizona,2000,1.48,0.31,0.71,2.5
arizona,1999,1.47,0.34,0.69,2.51
arizona,1998,1.44,0.33,0.68,2.45
arizona,1997,1.45,0.31,0.68,2.44
arizona,1996,1.52,0.33,0.73,2.58
arizona,1995,1.47,0.29,0.68,2.44
arizona,1994,1.52,0.29,0.7,2.5
arizona,1993,1.58,0.27,0.76,2.62
arizona,1992,1.58,0.31,0.8,2.69
arizona,1991,1.58,0.35,0.78,2.71
arizona,1990,1.59,0.37,0.8,2.77
arizona,1989,1.63,0.35,0.83,2.81
arizona,1988,1.6,0.41,0.86,2.87
arizona,1987,1.64,0.45,0.84,2.93
arizona,1986,1.74,0.45,0.9,3.09
arizona,1985,1.66,0.45,0.99,3.11
arizona,1984,1.55,0.44,1.05,3.04
arizona,1983,1.6,0.43,0.99,3.02
arizona,1982,1.71,0.39,0.98,3.07
arizona,1981,1.76,0.42,1,3.18
arizona,1980,1.68,0.36,0.97,3.01
arizona,1979,1.71,0.36,1.07,3.15
arizona,1978,1.66,0.35,1.03,3.04
arizona,1977,1.6,0.32,0.99,2.92
arkansas,2016,0.93,0.22,0.65,1.8
arkansas,2015,0.97,0.22,0.65,1.83
arkansas,2014,0.96,0.21,0.62,1.79
arkansas,2013,1,0.2,0.6,1.81
arkansas,2012,1,0.2,0.6,1.81
arkansas,2011,0.98,0.18,0.56,1.72
arkansas,2010,1.02,0.19,0.57,1.77
arkansas,2009,1.03,0.17,0.57,1.78
arkansas,2008,1.05,0.17,0.55,1.77
arkansas,2007,1.02,0.15,0.51,1.69
arkansas,2006,1.05,0.16,0.54,1.75
arkansas,2005,1.03,0.15,0.5,1.67
arkansas,2004,1.04,0.15,0.49,1.68
arkansas,2003,1.06,0.14,0.56,1.77
arkansas,2002,1.09,0.14,0.53,1.75
arkansas,2001,1.08,0.13,0.53,1.74
arkansas,2000,1.09,0.12,0.53,1.74
arkansas,1999,1.09,0.12,0.54,1.75
arkansas,1998,1.1,0.11,0.51,1.73
arkansas,1997,1.07,0.12,0.52,1.71
arkansas,1996,1.07,0.12,0.53,1.72
arkansas,1995,1.06,0.11,0.51,1.68
arkansas,1994,1.06,0.13,0.46,1.65
arkansas,1993,1.1,0.11,0.58,1.79
arkansas,1992,1.13,0.12,0.65,1.9
arkansas,1991,1.12,0.11,0.58,1.81
arkansas,1990,1.12,0.13,0.61,1.86
arkansas,1989,1.1,0.13,0.58,1.82
arkansas,1988,1.09,0.14,0.54,1.78
arkansas,1987,1.09,0.11,0.53,1.74
arkansas,1986,1.08,0.09,0.49,1.65
arkansas,1985,1.04,0.13,0.59,1.77
arkansas,1984,1.03,0.12,0.64,1.8
arkansas,1983,1.03,0.13,0.63,1.79
arkansas,1982,1.03,0.12,0.63,1.78
arkansas,1981,1.06,0.12,0.68,1.86
arkansas,1980,1,0.12,0.68,1.81
arkansas,1979,0.9,0.09,0.55,1.54
arkansas,1978,0.95,0.11,0.71,1.76
arkansas,1977,0.89,0.1,0.61,1.61
california,2016,0.96,0.59,0.78,2.33
california,2015,0.99,0.53,0.75,2.28
california,2014,1,0.6,0.73,2.32
california,2013,0.98,0.6,0.75,2.33
california,2012,0.98,0.63,0.74,2.35
california,2011,0.95,0.58,0.72,2.25
california,2010,0.97,0.49,0.71,2.16
california,2009,1.01,0.57,0.7,2.28
california,2008,1.05,0.55,0.7,2.3
california,2007,1.06,0.54,0.7,2.3
california,2006,1.02,0.56,0.7,2.29
california,2005,1.03,0.54,0.69,2.26
california,2004,1.07,0.52,0.67,2.25
california,2003,1.07,0.51,0.65,2.23
california,2002,1.08,0.49,0.64,2.21
california,2001,1.09,0.48,0.63,2.2
california,2000,1.12,0.48,0.64,2.24
california,1999,1.12,0.48,0.62,2.22
california,1998,1.11,0.49,0.61,2.21
california,1997,1.14,0.52,0.62,2.28
california,1996,1.13,0.5,0.64,2.27
california,1995,1.15,0.46,0.63,2.24
california,1994,1.09,0.47,0.68,2.24
california,1993,1.17,0.48,0.69,2.35
california,1992,1.28,0.51,0.75,2.54
california,1991,1.22,0.49,0.75,2.46
california,1990,1.32,0.59,0.87,2.78
california,1989,1.29,0.6,0.85,2.75
california,1988,1.32,0.67,0.88,2.86
california,1987,1.35,0.73,0.92,3
california,1986,1.35,0.78,0.95,3.08
california,1985,1.32,0.78,1.02,3.11
california,1984,1.37,0.73,1.06,3.16
california,1983,1.36,0.74,1.1,3.21
california,1982,1.37,0.72,1.13,3.22
california,1981,1.43,0.72,1.2,3.35
california,1980,1.41,0.71,1.24,3.36
california,1979,1.39,0.68,1.25,3.32
california,1978,1.33,0.67,1.29,3.28
california,1977,1.29,0.65,1.25,3.19
colorado,2016,1.14,0.51,1.16,2.81
colorado,2015,1.12,0.51,1.14,2.77
colorado,2014,1.14,0.51,1.11,2.77
colorado,2013,1.2,0.5,1.11,2.81
colorado,2012,1.15,0.52,1.08,2.76
colorado,2011,1.2,0.49,1.04,2.73
colorado,2010,1.22,0.48,1.01,2.71
colorado,2009,1.23,0.46,1.01,2.7
colorado,2008,1.28,0.47,1.02,2.77
colorado,2007,1.3,0.47,1.01,2.78
colorado,2006,1.29,0.45,0.98,2.72
colorado,2005,1.31,0.42,0.99,2.72
colorado,2004,1.3,0.43,0.95,2.68
colorado,2003,1.33,0.4,0.87,2.6
colorado,2002,1.35,0.39,0.9,2.64
colorado,2001,1.42,0.41,0.96,2.78
colorado,2000,1.35,0.37,0.89,2.6
colorado,1999,1.33,0.37,0.75,2.45
colorado,1998,1.33,0.37,0.83,2.53
colorado,1997,1.3,0.37,0.81,2.48
colorado,1996,1.36,0.37,0.84,2.57
colorado,1995,1.34,0.35,0.78,2.47
colorado,1994,1.36,0.35,0.84,2.55
colorado,1993,1.4,0.36,0.86,2.63
colorado,1992,1.34,0.36,0.81,2.52
colorado,1991,1.39,0.35,0.87,2.61
colorado,1990,1.35,0.29,0.75,2.39
colorado,1989,1.42,0.38,0.85,2.64
colorado,1988,1.44,0.4,0.92,2.76
colorado,1987,1.45,0.45,0.94,2.84
colorado,1986,1.49,0.47,0.95,2.9
colorado,1985,1.48,0.5,1.18,3.17
colorado,1984,1.51,0.46,1.12,3.1
colorado,1983,1.57,0.46,1.12,3.15
colorado,1982,1.63,0.46,1.17,3.26
colorado,1981,1.62,0.44,1.26,3.32
colorado,1980,1.56,0.46,1.31,3.33
colorado,1979,1.63,0.46,1.33,3.42
colorado,1978,1.6,0.46,1.39,3.46
colorado,1977,1.4,0.36,1.19,2.95
connecticut,2016,0.85,0.62,0.98,2.45
connecticut,2015,0.85,0.61,0.95,2.41
connecticut,2014,0.84,0.6,0.92,2.37
connecticut,2013,0.85,0.61,0.91,2.37
connecticut,2012,0.86,0.61,0.91,2.39
connecticut,2011,0.86,0.62,0.88,2.35
connecticut,2010,0.88,0.6,0.87,2.35
connecticut,2009,0.88,0.59,0.85,2.31
connecticut,2008,0.93,0.58,0.85,2.36
connecticut,2007,0.92,0.57,0.84,2.33
connecticut,2006,0.93,0.56,0.81,2.3
connecticut,2005,0.9,0.54,0.79,2.23
connecticut,2004,0.93,0.53,0.79,2.25
connecticut,2003,0.93,0.52,0.78,2.23
connecticut,2002,0.95,0.5,0.75,2.21
connecticut,2001,0.95,0.5,0.74,2.19
connecticut,2000,0.94,0.49,0.74,2.18
connecticut,1999,0.94,0.49,0.75,2.18
connecticut,1998,0.96,0.49,0.76,2.21
connecticut,1997,0.95,0.48,0.74,2.17
connecticut,1996,0.91,0.46,0.72,2.09
connecticut,1995,0.96,0.46,0.78,2.2
connecticut,1994,0.99,0.43,0.78,2.2
connecticut,1993,0.96,0.44,0.8,2.2
connecticut,1992,1.01,0.45,0.83,2.3
connecticut,1991,1.03,0.43,0.84,2.29
connecticut,1990,1.09,0.45,0.92,2.46
connecticut,1989,1.07,0.46,0.96,2.5
connecticut,1988,1.12,0.5,1.05,2.67
connecticut,1987,1.14,0.51,1.1,2.75
connecticut,1986,1.11,0.51,1.14,2.76
connecticut,1985,1.12,0.5,1.19,2.81
connecticut,1984,1.1,0.49,1.19,2.78
connecticut,1983,1.1,0.49,1.22,2.8
connecticut,1982,1.04,0.49,1.21,2.74
connecticut,1981,1.05,0.44,1.18,2.67
connecticut,1980,1.06,0.43,1.2,2.69
connecticut,1979,1.14,0.4,1.21,2.76
connecticut,1978,1.09,0.38,1.21,2.69
connecticut,1977,1.06,0.35,1.23,2.64
delaware,2016,1.2,0.73,1.79,3.72
delaware,2015,1.18,0.72,1.74,3.65
delaware,2014,1.21,0.72,1.66,3.59
delaware,2013,1.25,0.72,1.63,3.59
delaware,2012,1.32,0.69,1.58,3.59
delaware,2011,1.34,0.69,1.52,3.55
delaware,2010,1.36,0.66,1.36,3.38
delaware,2009,1.32,0.65,1.34,3.31
delaware,2008,1.35,0.57,1.23,3.15
delaware,2007,1.38,0.59,1.23,3.19
delaware,2006,1.41,0.59,1.26,3.26
delaware,2005,1.42,0.58,1.24,3.25
delaware,2004,1.42,0.57,1.28,3.27
delaware,2003,1.38,0.57,1.18,3.12
delaware,2002,1.39,0.52,1.1,3.01
delaware,2001,1.39,0.49,1.07,2.94
delaware,2000,1.36,0.48,1.05,2.89
delaware,1999,1.4,0.48,1.03,2.9
delaware,1998,1.41,0.47,1.03,2.91
delaware,1997,1.37,0.46,0.99,2.81
delaware,1996,1.39,0.45,0.94,2.78
delaware,1995,1.3,0.4,0.92,2.62
delaware,1994,1.43,0.38,0.95,2.76
delaware,1993,1.46,0.35,0.95,2.76
delaware,1992,1.4,0.36,0.97,2.73
delaware,1991,1.4,0.35,0.95,2.7
delaware,1990,1.44,0.37,1.14,2.95
delaware,1989,1.43,0.39,1.15,2.96
delaware,1988,1.46,0.41,1.21,3.08
delaware,1987,1.46,0.43,1.23,3.12
delaware,1986,1.46,0.45,1.25,3.16
delaware,1985,1.48,0.41,1.31,3.2
delaware,1984,1.52,0.39,1.29,3.2
delaware,1983,1.55,0.35,1.35,3.25
delaware,1982,1.54,0.34,1.38,3.26
delaware,1981,1.52,0.33,1.4,3.24
delaware,1980,1.44,0.29,1.37,3.11
delaware,1979,1.35,0.26,1.31,2.92
delaware,1978,1.31,0.24,1.3,2.85
delaware,1977,1.3,0.23,1.33,2.86
district of columbia,2016,1.13,1.03,1.69,3.85
district of columbia,2015,1.15,1.02,1.68,3.85
district of columbia,2014,1.16,1.01,1.68,3.84
district of columbia,2013,1.17,1.01,1.66,3.84
district of columbia,2012,1.18,1.01,1.65,3.85
district of columbia,2011,1.19,1.01,1.62,3.82
district of columbia,2010,1.22,1,1.61,3.83
district of columbia,2009,1.26,1,1.62,3.88
district of columbia,2008,1.35,1.01,1.64,4
district of columbia,2007,1.37,1,1.63,4
district of columbia,2006,1.38,0.96,1.6,3.94
district of columbia,2005,1.4,0.93,1.56,3.9
district of columbia,2004,1.38,0.91,1.52,3.8
district of columbia,2003,1.38,0.88,1.51,3.76
district of columbia,2002,1.36,0.83,1.47,3.66
district of columbia,2001,1.36,0.79,1.46,3.61
district of columbia,2000,1.39,0.81,1.45,3.65
district of columbia,1999,1.38,0.78,1.36,3.52
district of columbia,1998,1.37,0.78,1.57,3.73
district of columbia,1997,1.42,0.8,1.61,3.83
district of columbia,1996,1.34,0.87,1.47,3.67
district of columbia,1995,1.49,0.77,1.52,3.79
district of columbia,1994,1.5,0.74,1.52,3.76
district of columbia,1993,1.51,0.73,1.54,3.78
district of columbia,1992,1.61,0.7,1.74,4.05
district of columbia,1991,1.42,0.61,1.85,3.89
district of columbia,1990,1.42,0.76,1.96,4.14
district of columbia,1989,1.39,0.82,1.72,3.92
district of columbia,1988,1.38,0.93,1.9,4.22
district of columbia,1987,1.41,0.95,2.26,4.62
district of columbia,1986,1.45,1,2.09,4.54
district of columbia,1985,1.44,1,2.35,4.8
district of columbia,1984,1.51,1.07,2.59,5.17
district of columbia,1983,1.51,1.05,2.71,5.27
district of columbia,1982,1.46,0.99,2.88,5.33
district of columbia,1981,1.48,1.05,2.89,5.42
district of columbia,1980,1.49,0.99,2.94,5.41
district of columbia,1979,1.42,0.96,2.92,5.3
district of columbia,1978,1.38,0.91,3.04,5.33
district of columbia,1977,1.35,0.86,3.16,5.37
florida,2016,1.09,0.53,1.03,2.65
florida,2015,1.11,0.51,0.98,2.6
florida,2014,1.09,0.51,0.98,2.59
florida,2013,1.28,0.49,0.95,2.72
florida,2012,1.26,0.51,0.95,2.72
florida,2011,1.13,0.49,0.93,2.54
florida,2010,1.12,0.47,0.91,2.5
florida,2009,1.19,0.48,0.91,2.58
florida,2008,1.24,0.48,0.89,2.61
florida,2007,1.28,0.48,0.92,2.68
florida,2006,1.32,0.47,0.91,2.7
florida,2005,1.33,0.46,0.91,2.7
florida,2004,1.34,0.46,0.88,2.68
florida,2003,1.31,0.44,0.86,2.61
florida,2002,1.32,0.43,0.84,2.58
florida,2001,1.32,0.4,0.82,2.54
florida,2000,1.32,0.41,0.83,2.56
florida,1999,1.33,0.4,0.8,2.53
florida,1998,1.33,0.38,0.79,2.5
florida,1997,1.36,0.37,0.8,2.53
florida,1996,1.36,0.37,0.81,2.54
florida,1995,1.34,0.35,0.82,2.5
florida,1994,1.4,0.33,0.87,2.6
florida,1993,1.44,0.33,0.92,2.68
florida,1992,1.45,0.34,0.96,2.75
florida,1991,1.43,0.34,0.92,2.69
florida,1990,1.54,0.39,1.04,2.96
florida,1989,1.51,0.39,1,2.89
florida,1988,1.5,0.41,1,2.91
florida,1987,1.5,0.42,1.03,2.95
florida,1986,1.5,0.41,1.05,2.96
florida,1985,1.47,0.41,1.16,3.04
florida,1984,1.46,0.4,1.23,3.09
florida,1983,1.55,0.39,1.22,3.16
florida,1982,1.54,0.4,1.32,3.26
florida,1981,1.54,0.39,1.37,3.3
florida,1980,1.4,0.37,1.41,3.18
florida,1979,1.38,0.34,1.41,3.14
florida,1978,1.34,0.32,1.4,3.07
florida,1977,1.27,0.31,1.4,2.99
georgia,2016,0.99,0.25,0.69,1.94
georgia,2015,1.01,0.25,0.68,1.94
georgia,2014,1.02,0.25,0.69,1.96
georgia,2013,1.03,0.25,0.69,1.97
georgia,2012,1.05,0.25,0.68,1.98
georgia,2011,1.06,0.25,0.67,1.98
georgia,2010,1.08,0.25,0.65,1.98
georgia,2009,1.11,0.25,0.65,2.01
georgia,2008,1.16,0.25,0.65,2.06
georgia,2007,1.19,0.26,0.65,2.1
georgia,2006,1.19,0.26,0.65,2.1
georgia,2005,1.17,0.26,0.64,2.07
georgia,2004,1.19,0.27,0.65,2.11
georgia,2003,1.2,0.26,0.66,2.13
georgia,2002,1.21,0.26,0.66,2.13
georgia,2001,1.2,0.25,0.65,2.11
georgia,2000,1.21,0.25,0.69,2.16
georgia,1999,1.23,0.25,0.7,2.18
georgia,1998,1.22,0.23,0.7,2.15
georgia,1997,1.2,0.23,0.7,2.13
georgia,1996,1.24,0.24,0.71,2.18
georgia,1995,1.21,0.21,0.7,2.12
georgia,1994,1.17,0.21,0.77,2.14
georgia,1993,1.23,0.2,0.77,2.2
georgia,1992,1.22,0.21,0.79,2.23
georgia,1991,1.16,0.22,0.78,2.17
georgia,1990,1.22,0.23,0.86,2.31
georgia,1989,1.18,0.24,0.94,2.36
georgia,1988,1.21,0.26,0.92,2.39
georgia,1987,1.21,0.27,1,2.48
georgia,1986,1.21,0.27,0.94,2.43
georgia,1985,1.17,0.25,1.01,2.44
georgia,1984,1.18,0.24,1.06,2.48
georgia,1983,1.14,0.22,1.06,2.42
georgia,1982,1.12,0.21,1.04,2.36
georgia,1981,1.1,0.18,1.09,2.38
georgia,1980,1.06,0.19,1.08,2.33
georgia,1979,1.11,0.18,1.16,2.44
georgia,1978,1.09,0.18,1.21,2.48
georgia,1977,1.03,0.15,1.19,2.37
hawaii,2016,1.29,0.57,0.77,2.63
hawaii,2015,1.28,0.56,0.77,2.6
hawaii,2014,1.27,0.54,0.77,2.59
hawaii,2013,1.25,0.54,0.77,2.56
hawaii,2012,1.26,0.53,0.75,2.54
hawaii,2011,1.25,0.53,0.73,2.52
hawaii,2010,1.25,0.52,0.71,2.48
hawaii,2009,1.27,0.51,0.71,2.49
hawaii,2008,1.33,0.51,0.72,2.56
hawaii,2007,1.3,0.48,0.77,2.55
hawaii,2006,1.28,0.47,0.77,2.52
hawaii,2005,1.3,0.45,0.72,2.47
hawaii,2004,1.38,0.43,0.7,2.5
hawaii,2003,1.3,0.42,0.66,2.38
hawaii,2002,1.27,0.39,0.62,2.28
hawaii,2001,1.3,0.38,0.6,2.28
hawaii,2000,1.33,0.39,0.6,2.32
hawaii,1999,1.31,0.39,0.56,2.26
hawaii,1998,1.32,0.37,0.54,2.22
hawaii,1997,1.38,0.4,0.56,2.33
hawaii,1996,1.4,0.36,0.58,2.34
hawaii,1995,1.41,0.34,0.57,2.32
hawaii,1994,1.46,0.38,0.62,2.46
hawaii,1993,1.49,0.37,0.65,2.51
hawaii,1992,1.55,0.39,0.69,2.63
hawaii,1991,1.57,0.4,0.7,2.67
hawaii,1990,1.64,0.4,0.79,2.84
hawaii,1989,1.56,0.43,0.8,2.79
hawaii,1988,1.64,0.45,0.8,2.89
hawaii,1987,1.59,0.41,0.77,2.76
hawaii,1986,1.61,0.44,0.86,2.91
hawaii,1985,1.61,0.42,0.88,2.91
hawaii,1984,1.66,0.41,0.92,2.99
hawaii,1983,1.89,0.44,1.13,3.45
hawaii,1982,1.8,0.48,1.14,3.41
hawaii,1981,1.74,0.44,1.16,3.34
hawaii,1980,1.64,0.46,1.2,3.3
hawaii,1979,1.51,0.42,1.21,3.14
hawaii,1978,1.33,0.44,1.25,3.02
hawaii,1977,1.55,0.35,1.21,3.11
idaho,2016,0.92,1.19,0.81,2.92
idaho,2015,0.93,1.14,0.79,2.87
idaho,2014,0.93,1.12,0.77,2.82
idaho,2013,0.96,1.08,0.77,2.81
idaho,2012,0.98,1.02,0.77,2.77
idaho,2011,1,0.92,0.73,2.65
idaho,2010,1.06,0.9,0.72,2.68
idaho,2009,1.05,0.91,0.7,2.67
idaho,2008,1.15,0.81,0.69,2.64
idaho,2007,1.17,0.73,0.67,2.58
idaho,2006,1.14,0.74,0.65,2.53
idaho,2005,1.11,0.74,0.61,2.45
idaho,2004,1.14,0.72,0.57,2.43
idaho,2003,1.15,0.65,0.55,2.35
idaho,2002,1.16,0.64,0.53,2.33
idaho,2001,1.14,0.63,0.53,2.3
idaho,2000,1.13,0.65,0.52,2.3
idaho,1999,1.09,0.68,0.52,2.29
idaho,1998,1.15,0.33,0.51,1.99
idaho,1997,1.11,0.32,0.52,1.95
idaho,1996,1.13,0.3,0.52,1.96
idaho,1995,1.18,0.3,0.54,2.01
idaho,1994,1.24,0.35,0.53,2.12
idaho,1993,1.26,0.29,0.55,2.11
idaho,1992,1.32,0.31,0.57,2.2
idaho,1991,1.31,0.32,0.56,2.19
idaho,1990,1.36,0.33,0.58,2.27
idaho,1989,1.27,0.31,0.57,2.16
idaho,1988,1.28,0.37,0.59,2.24
idaho,1987,1.33,0.39,0.59,2.31
idaho,1986,1.36,0.39,0.62,2.37
idaho,1985,1.36,0.36,0.71,2.43
idaho,1984,1.41,0.31,0.72,2.45
idaho,1983,1.45,0.3,0.77,2.52
idaho,1982,1.45,0.3,0.81,2.57
idaho,1981,1.54,0.33,0.83,2.69
idaho,1980,1.53,0.3,0.77,2.59
idaho,1979,1.51,0.27,0.82,2.6
idaho,1978,1.46,0.25,0.78,2.5
idaho,1977,1.47,0.22,0.78,2.47
illinois,2016,1.12,0.43,0.77,2.32
illinois,2015,1.13,0.43,0.8,2.36
illinois,2014,1.12,0.42,0.78,2.32
illinois,2013,1.13,0.42,0.78,2.33
illinois,2012,1.15,0.43,0.77,2.36
illinois,2011,1.19,0.41,0.75,2.35
illinois,2010,1.22,0.4,0.74,2.35
illinois,2009,1.24,0.39,0.73,2.36
illinois,2008,1.23,0.38,0.74,2.34
illinois,2007,1.24,0.41,0.74,2.38
illinois,2006,1.24,0.37,0.74,2.35
illinois,2005,1.23,0.34,0.71,2.29
illinois,2004,1.24,0.32,0.67,2.22
illinois,2003,1.26,0.35,0.74,2.36
illinois,2002,1.28,0.33,0.65,2.26
illinois,2001,1.27,0.32,0.68,2.28
illinois,2000,1.28,0.32,0.63,2.24
illinois,1999,1.29,0.33,0.66,2.27
illinois,1998,1.27,0.34,0.64,2.25
illinois,1997,1.26,0.35,0.65,2.26
illinois,1996,1.27,0.35,0.68,2.3
illinois,1995,1.3,0.33,0.66,2.29
illinois,1994,1.32,0.34,0.69,2.35
illinois,1993,1.32,0.34,0.72,2.38
illinois,1992,1.34,0.35,0.74,2.43
illinois,1991,1.38,0.34,0.76,2.48
illinois,1990,1.43,0.36,0.82,2.62
illinois,1989,1.42,0.36,0.85,2.63
illinois,1988,1.45,0.38,0.87,2.7
illinois,1987,1.43,0.39,0.88,2.71
illinois,1986,1.42,0.39,0.91,2.72
illinois,1985,1.39,0.38,0.99,2.76
illinois,1984,1.41,0.37,1.02,2.8
illinois,1983,1.43,0.35,1.03,2.82
illinois,1982,1.42,0.35,1.07,2.84
illinois,1981,1.44,0.35,1.12,2.91
illinois,1980,1.42,0.33,1.23,2.99
illinois,1979,1.42,0.32,1.15,2.89
illinois,1978,1.35,0.31,1.17,2.83
illinois,1977,1.32,0.3,1.2,2.82
indiana,2016,0.98,0.29,0.89,2.17
indiana,2015,0.98,0.28,0.88,2.14
indiana,2014,0.98,0.27,0.8,2.05
indiana,2013,1,0.28,0.81,2.09
indiana,2012,1.02,0.28,0.79,2.08
indiana,2011,1.02,0.27,0.73,2.02
indiana,2010,1.03,0.26,0.74,2.03
indiana,2009,1.08,0.25,0.72,2.05
indiana,2008,1.1,0.24,0.73,2.08
indiana,2007,1.13,0.24,0.72,2.09
indiana,2006,1.09,0.25,0.66,2
indiana,2005,1.11,0.22,0.68,2.01
indiana,2004,1.14,0.22,0.65,2.01
indiana,2003,1.11,0.21,0.64,1.96
indiana,2002,1.13,0.2,0.6,1.93
indiana,2001,1.15,0.19,0.62,1.96
indiana,2000,1.16,0.2,0.61,1.98
indiana,1999,1.16,0.19,0.59,1.94
indiana,1998,1.14,0.19,0.58,1.91
indiana,1997,1.09,0.18,0.59,1.85
indiana,1996,1.09,0.2,0.57,1.86
indiana,1995,1.14,0.2,0.58,1.92
indiana,1994,1.15,0.2,0.59,1.94
indiana,1993,1.15,0.19,0.64,1.98
indiana,1992,1.16,0.2,0.58,1.95
indiana,1991,1.22,0.19,0.6,2
indiana,1990,1.26,0.2,0.63,2.09
indiana,1989,1.23,0.2,0.64,2.07
indiana,1988,1.25,0.21,0.67,2.13
indiana,1987,1.26,0.23,0.67,2.16
indiana,1986,1.26,0.23,0.67,2.17
indiana,1985,1.26,0.22,0.73,2.2
indiana,1984,1.27,0.21,0.73,2.21
indiana,1983,1.28,0.19,0.73,2.2
indiana,1982,1.29,0.19,0.76,2.24
indiana,1981,1.29,0.18,0.78,2.24
indiana,1980,1.26,0.17,0.77,2.21
indiana,1979,1.21,0.15,0.78,2.15
indiana,1978,1.18,0.15,0.78,2.12
indiana,1977,1.13,0.14,0.77,2.03
iowa,2016,1.3,0.23,0.87,2.4
iowa,2015,1.31,0.22,0.83,2.36
iowa,2014,1.34,0.21,0.81,2.37
iowa,2013,1.33,0.22,0.79,2.34
iowa,2012,1.36,0.23,0.81,2.4
iowa,2011,1.38,0.21,0.78,2.37
iowa,2010,1.39,0.18,0.73,2.3
iowa,2009,1.42,0.18,0.72,2.31
iowa,2008,1.43,0.17,0.7,2.3
iowa,2007,1.41,0.17,0.67,2.25
iowa,2006,1.39,0.16,0.65,2.2
iowa,2005,1.4,0.16,0.61,2.16
iowa,2004,1.39,0.16,0.57,2.12
iowa,2003,1.38,0.15,0.54,2.07
iowa,2002,1.38,0.14,0.51,2.04
iowa,2001,1.36,0.13,0.5,1.99
iowa,2000,1.35,0.13,0.5,1.98
iowa,1999,1.34,0.13,0.48,1.95
iowa,1998,1.31,0.12,0.46,1.9
iowa,1997,1.28,0.12,0.45,1.85
iowa,1996,1.28,0.12,0.45,1.85
iowa,1995,1.26,0.11,0.44,1.8
iowa,1994,1.3,0.1,0.44,1.84
iowa,1993,1.28,0.11,0.48,1.87
iowa,1992,1.31,0.13,0.46,1.9
iowa,1991,1.32,0.16,0.52,2.01
iowa,1990,1.34,0.18,0.54,2.06
iowa,1989,1.3,0.19,0.52,2.01
iowa,1988,1.32,0.2,0.53,2.06
iowa,1987,1.34,0.22,0.59,2.14
iowa,1986,1.35,0.2,0.54,2.09
iowa,1985,1.33,0.14,0.58,2.06
iowa,1984,1.39,0.12,0.62,2.13
iowa,1983,1.4,0.13,0.65,2.18
iowa,1982,1.4,0.13,0.65,2.19
iowa,1981,1.44,0.13,0.69,2.26
iowa,1980,1.41,0.13,0.71,2.25
iowa,1979,1.4,0.11,0.71,2.22
iowa,1978,1.38,0.11,0.74,2.23
iowa,1977,1.33,0.1,0.74,2.17
kansas,2016,1.02,0.14,0.75,1.92
kansas,2015,1.03,0.14,0.74,1.91
kansas,2014,1.04,0.14,0.75,1.93
kansas,2013,0.99,0.14,0.76,1.88
kansas,2012,1.09,0.14,0.72,1.95
kansas,2011,1.07,0.14,0.69,1.9
kansas,2010,1.13,0.14,0.68,1.95
kansas,2009,1.18,0.14,0.67,1.99
kansas,2008,1.22,0.14,0.65,2.01
kansas,2007,1.17,0.15,0.64,1.96
kansas,2006,1.14,0.18,0.61,1.94
kansas,2005,1.14,0.18,0.57,1.89
kansas,2004,1.14,0.16,0.56,1.86
kansas,2003,1.16,0.17,0.56,1.89
kansas,2002,1.19,0.15,0.54,1.88
kansas,2001,1.12,0.15,0.53,1.8
kansas,2000,1.13,0.15,0.53,1.82
kansas,1999,1.12,0.15,0.54,1.81
kansas,1998,1.08,0.13,0.54,1.76
kansas,1997,1.07,0.12,0.48,1.67
kansas,1996,1.04,0.12,0.49,1.65
kansas,1995,1.04,0.12,0.5,1.66
kansas,1994,1.12,0.13,0.48,1.73
kansas,1993,1.09,0.14,0.52,1.75
kansas,1992,1.09,0.14,0.55,1.78
kansas,1991,1.15,0.14,0.57,1.85
kansas,1990,1.13,0.13,0.53,1.79
kansas,1989,1.13,0.13,0.55,1.81
kansas,1988,1.13,0.22,0.57,1.92
kansas,1987,1.14,0.17,0.57,1.88
kansas,1986,1.14,0.17,0.6,1.91
kansas,1985,1.18,0.15,0.64,1.97
kansas,1984,1.19,0.14,0.63,1.96
kansas,1983,1.2,0.13,0.64,1.97
kansas,1982,1.22,0.13,0.67,2.03
kansas,1981,1.23,0.12,0.7,2.05
kansas,1980,1.22,0.11,0.61,1.95
kansas,1979,1.19,0.12,0.74,2.04
kansas,1978,1.15,0.12,0.65,1.91
kansas,1977,1.14,0.1,0.65,1.9
kentucky,2016,0.96,0.22,0.79,1.98
kentucky,2015,0.99,0.22,0.76,1.97
kentucky,2014,0.94,0.21,0.72,1.88
kentucky,2013,0.95,0.2,0.7,1.85
kentucky,2012,0.97,0.2,0.7,1.87
kentucky,2011,0.94,0.19,0.66,1.79
kentucky,2010,1,0.18,0.66,1.83
kentucky,2009,1.02,0.18,0.65,1.85
kentucky,2008,1.03,0.17,0.65,1.85
kentucky,2007,1.04,0.17,0.63,1.85
kentucky,2006,1.04,0.17,0.62,1.82
kentucky,2005,1.04,0.14,0.61,1.8
kentucky,2004,1.07,0.17,0.57,1.81
kentucky,2003,1.03,0.15,0.57,1.75
kentucky,2002,1.08,0.14,0.54,1.77
kentucky,2001,1.04,0.12,0.46,1.63
kentucky,2000,1.07,0.14,0.53,1.74
kentucky,1999,1.07,0.13,0.54,1.74
kentucky,1998,1.08,0.13,0.53,1.74
kentucky,1997,1.07,0.13,0.53,1.72
kentucky,1996,1.09,0.13,0.54,1.76
kentucky,1995,1.06,0.11,0.54,1.71
kentucky,1994,1.08,0.11,0.55,1.73
kentucky,1993,1.08,0.1,0.55,1.73
kentucky,1992,1.04,0.11,0.56,1.71
kentucky,1991,1.11,0.11,0.56,1.78
kentucky,1990,1.12,0.11,0.6,1.83
kentucky,1989,1.09,0.12,0.57,1.79
kentucky,1988,1.1,0.12,0.6,1.82
kentucky,1987,1.04,0.14,0.6,1.78
kentucky,1986,1.1,0.14,0.63,1.86
kentucky,1985,1.08,0.14,0.66,1.88
kentucky,1984,1.06,0.13,0.68,1.87
kentucky,1983,1.13,0.12,0.7,1.95
kentucky,1982,1.14,0.12,0.72,1.99
kentucky,1981,1.13,0.1,0.75,1.99
kentucky,1980,1.08,0.1,0.73,1.91
kentucky,1979,1.07,0.09,0.75,1.91
kentucky,1978,1.04,0.09,0.75,1.88
kentucky,1977,1.16,0.09,0.73,1.98
louisiana,2016,1.25,0.34,1,2.59
louisiana,2015,1.27,0.33,0.98,2.59
louisiana,2014,1.3,0.33,0.95,2.58
louisiana,2013,1.34,0.32,0.93,2.58
louisiana,2012,1.38,0.32,0.9,2.59
louisiana,2011,1.39,0.3,0.88,2.57
louisiana,2010,1.42,0.28,0.84,2.55
louisiana,2009,1.5,0.28,0.85,2.63
louisiana,2008,1.55,0.26,0.83,2.64
louisiana,2007,1.57,0.27,0.81,2.66
louisiana,2006,1.59,0.25,0.78,2.63
louisiana,2005,1.47,0.24,0.71,2.41
louisiana,2004,1.38,0.26,0.73,2.36
louisiana,2003,1.41,0.25,0.72,2.38
louisiana,2002,1.32,0.24,0.7,2.26
louisiana,2001,1.49,0.23,0.69,2.41
louisiana,2000,1.51,0.22,0.7,2.44
louisiana,1999,1.52,0.24,0.69,2.45
louisiana,1998,1.48,0.23,0.7,2.4
louisiana,1997,1.51,0.23,0.71,2.44
louisiana,1996,1.52,0.22,0.72,2.46
louisiana,1995,1.51,0.21,0.73,2.46
louisiana,1994,1.45,0.21,0.73,2.39
louisiana,1993,1.53,0.21,0.72,2.47
louisiana,1992,1.55,0.22,0.74,2.51
louisiana,1991,1.52,0.21,0.73,2.46
louisiana,1990,1.53,0.23,0.78,2.54
louisiana,1989,1.47,0.24,0.74,2.45
louisiana,1988,1.49,0.24,0.71,2.44
louisiana,1987,1.4,0.25,0.77,2.41
louisiana,1986,1.42,0.26,0.79,2.47
louisiana,1985,1.37,0.28,0.87,2.52
louisiana,1984,1.42,0.29,0.95,2.66
louisiana,1983,1.44,0.31,1.03,2.77
louisiana,1982,1.49,0.3,1,2.78
louisiana,1981,1.49,0.28,1.02,2.79
louisiana,1980,1.4,0.27,1.03,2.7
louisiana,1979,1.32,0.25,1.04,2.61
louisiana,1978,1.32,0.25,1.04,2.6
louisiana,1977,1.27,0.25,1,2.51
maine,2016,1.36,0.44,1.01,2.81
maine,2015,1.37,0.44,0.97,2.78
maine,2014,1.36,0.42,0.93,2.71
maine,2013,1.36,0.42,0.91,2.69
maine,2012,1.34,0.42,0.89,2.65
maine,2011,1.31,0.42,0.87,2.6
maine,2010,1.3,0.42,0.84,2.56
maine,2009,1.31,0.42,0.82,2.55
maine,2008,1.33,0.42,0.81,2.56
maine,2007,1.35,0.42,0.8,2.57
maine,2006,1.34,0.42,0.78,2.54
maine,2005,1.34,0.41,0.77,2.52
maine,2004,1.26,0.41,0.76,2.44
maine,2003,1.25,0.4,0.74,2.39
maine,2002,1.23,0.4,0.7,2.33
maine,2001,1.21,0.37,0.7,2.28
maine,2000,1.17,0.38,0.68,2.23
maine,1999,1.16,0.36,0.69,2.21
maine,1998,1.14,0.33,0.69,2.16
maine,1997,1.16,0.32,0.68,2.16
maine,1996,1.21,0.32,0.69,2.22
maine,1995,1.14,0.28,0.7,2.12
maine,1994,1.13,0.27,0.77,2.18
maine,1993,1.15,0.29,0.79,2.22
maine,1992,1.16,0.29,0.78,2.23
maine,1991,1.18,0.3,0.77,2.25
maine,1990,1.21,0.31,0.82,2.34
maine,1989,1.26,0.34,0.86,2.46
maine,1988,1.29,0.36,0.91,2.55
maine,1987,1.27,0.38,0.91,2.56
maine,1986,1.29,0.36,0.92,2.57
maine,1985,1.29,0.33,0.94,2.56
maine,1984,1.25,0.31,1.02,2.57
maine,1983,1.32,0.29,1.03,2.64
maine,1982,1.3,0.3,1.02,2.62
maine,1981,1.24,0.28,1.05,2.57
maine,1980,1.32,0.28,1.06,2.66
maine,1979,1.27,0.27,1.05,2.59
maine,1978,1.28,0.26,1.03,2.57
maine,1977,1.35,0.23,1.02,2.6
maryland,2016,0.83,0.4,0.92,2.15
maryland,2015,0.85,0.39,0.9,2.14
maryland,2014,0.86,0.39,0.9,2.15
maryland,2013,0.88,0.39,0.9,2.17
maryland,2012,0.91,0.39,0.9,2.2
maryland,2011,0.92,0.39,0.89,2.19
maryland,2010,0.94,0.38,0.89,2.21
maryland,2009,0.96,0.36,0.86,2.19
maryland,2008,0.99,0.36,0.84,2.19
maryland,2007,1.01,0.36,0.84,2.2
maryland,2006,1.01,0.34,0.83,2.18
maryland,2005,1.02,0.34,0.81,2.16
maryland,2004,1.03,0.33,0.79,2.15
maryland,2003,1.03,0.32,0.77,2.12
maryland,2002,1.06,0.31,0.76,2.12
maryland,2001,1.06,0.3,0.75,2.11
maryland,2000,1.04,0.3,0.75,2.09
maryland,1999,1.04,0.3,0.74,2.08
maryland,1998,1.05,0.3,0.73,2.08
maryland,1997,1.08,0.29,0.73,2.11
maryland,1996,1.05,0.29,0.74,2.08
maryland,1995,1.06,0.28,0.74,2.09
maryland,1994,1.09,0.28,0.78,2.15
maryland,1993,1.1,0.28,0.8,2.19
maryland,1992,1.11,0.29,0.86,2.26
maryland,1991,1.15,0.3,0.89,2.33
maryland,1990,1.22,0.33,0.96,2.51
maryland,1989,1.2,0.34,0.97,2.52
maryland,1988,1.24,0.36,1,2.6
maryland,1987,1.28,0.38,1.06,2.71
maryland,1986,1.28,0.38,1.07,2.73
maryland,1985,1.3,0.36,1.14,2.8
maryland,1984,1.31,0.36,1.17,2.84
maryland,1983,1.34,0.35,1.2,2.89
maryland,1982,1.27,0.32,1.16,2.76
maryland,1981,1.39,0.34,1.33,3.06
maryland,1980,1.41,0.33,1.35,3.08
maryland,1979,1.43,0.31,1.39,3.13
maryland,1978,1.4,0.31,1.38,3.09
maryland,1977,1.36,0.3,1.38,3.05
massachusetts,2016,0.95,0.65,0.97,2.57
massachusetts,2015,0.97,0.65,0.91,2.52
massachusetts,2014,0.98,0.66,0.91,2.55
massachusetts,2013,1,0.66,0.89,2.56
massachusetts,2012,1.03,0.65,0.88,2.57
massachusetts,2011,1.02,0.64,0.88,2.54
massachusetts,2010,1.04,0.62,0.84,2.5
massachusetts,2009,1.03,0.62,0.85,2.49
massachusetts,2008,1.08,0.62,0.84,2.54
massachusetts,2007,1.11,0.62,0.87,2.59
massachusetts,2006,1.1,0.61,0.85,2.56
massachusetts,2005,1.07,0.59,0.85,2.51
massachusetts,2004,1.1,0.58,0.84,2.52
massachusetts,2003,1.1,0.56,0.82,2.49
massachusetts,2002,1.13,0.54,0.8,2.47
massachusetts,2001,1.13,0.52,0.79,2.44
massachusetts,2000,1.16,0.51,0.87,2.55
massachusetts,1999,1.09,0.51,0.79,2.39
massachusetts,1998,1.14,0.5,0.75,2.39
massachusetts,1997,1.13,0.49,0.76,2.39
massachusetts,1996,1.11,0.48,0.77,2.35
massachusetts,1995,1.13,0.44,0.78,2.35
massachusetts,1994,1.14,0.44,0.8,2.38
massachusetts,1993,1.14,0.44,0.8,2.38
massachusetts,1992,1.12,0.44,0.82,2.38
massachusetts,1991,1.19,0.43,0.87,2.49
massachusetts,1990,1.22,0.45,0.97,2.63
massachusetts,1989,1.24,0.46,1,2.7
massachusetts,1988,1.27,0.49,1.05,2.81
massachusetts,1987,1.27,0.5,1.11,2.88
massachusetts,1986,1.29,0.52,1.11,2.92
massachusetts,1985,1.28,0.5,1.19,2.97
massachusetts,1984,1.29,0.5,1.23,3.02
massachusetts,1983,1.36,0.49,1.2,3.05
massachusetts,1982,1.35,0.5,1.22,3.07
massachusetts,1981,1.44,0.49,1.24,3.17
massachusetts,1980,1.46,0.45,1.26,3.18
massachusetts,1979,1.4,0.43,1.24,3.07
massachusetts,1978,1.38,0.41,1.26,3.05
massachusetts,1977,1.35,0.37,1.25,2.97
michigan,2016,1.04,0.39,0.91,2.34
michigan,2015,0.99,0.37,0.89,2.25
michigan,2014,1.05,0.39,0.88,2.32
michigan,2013,1.02,0.37,0.85,2.24
michigan,2012,1.08,0.35,0.84,2.27
michigan,2011,1.07,0.35,0.83,2.25
michigan,2010,1.09,0.33,0.81,2.23
michigan,2009,1.11,0.32,0.8,2.23
michigan,2008,1.13,0.3,0.79,2.22
michigan,2007,1.13,0.3,0.77,2.19
michigan,2006,1.13,0.29,0.76,2.18
michigan,2005,1.15,0.28,0.74,2.16
michigan,2004,1.16,0.27,0.72,2.15
michigan,2003,1.17,0.28,0.72,2.17
michigan,2002,1.19,0.25,0.69,2.13
michigan,2001,1.18,0.23,0.68,2.09
michigan,2000,1.2,0.24,0.68,2.13
michigan,1999,1.2,0.24,0.67,2.11
michigan,1998,1.2,0.22,0.68,2.1
michigan,1997,1.19,0.22,0.66,2.07
michigan,1996,1.22,0.22,0.66,2.09
michigan,1995,1.2,0.19,0.66,2.06
michigan,1994,1.23,0.2,0.67,2.1
michigan,1993,1.26,0.2,0.72,2.18
michigan,1992,1.26,0.22,0.74,2.21
michigan,1991,1.3,0.22,0.74,2.26
michigan,1990,1.33,0.28,0.8,2.42
michigan,1989,1.29,0.3,0.8,2.39
michigan,1988,1.32,0.32,0.84,2.48
michigan,1987,1.32,0.33,0.85,2.51
michigan,1986,1.33,0.33,0.9,2.57
michigan,1985,1.31,0.32,0.96,2.59
michigan,1984,1.33,0.31,0.98,2.61
michigan,1983,1.36,0.28,0.98,2.62
michigan,1982,1.35,0.39,0.99,2.73
michigan,1981,1.34,0.29,1,2.63
michigan,1980,1.34,0.28,1.02,2.65
michigan,1979,1.36,0.25,1.03,2.65
michigan,1978,1.43,0.25,1.05,2.74
michigan,1977,1.45,0.24,1.02,2.71
minnesota,2016,1.15,0.44,1.17,2.77
minnesota,2015,1.16,0.43,1.14,2.73
minnesota,2014,1.14,0.44,1.23,2.81
minnesota,2013,1.13,0.43,1.16,2.72
minnesota,2012,1.18,0.42,1.11,2.71
minnesota,2011,1.13,0.34,0.99,2.47
minnesota,2010,1.14,0.33,0.97,2.44
minnesota,2009,1.19,0.37,1.04,2.59
minnesota,2008,1.21,0.36,1.03,2.6
minnesota,2007,1.23,0.36,1.01,2.6
minnesota,2006,1.15,0.32,0.93,2.4
minnesota,2005,1.18,0.33,0.97,2.48
minnesota,2004,1.24,0.31,0.94,2.5
minnesota,2003,1.22,0.29,0.91,2.43
minnesota,2002,1.26,0.28,0.88,2.41
minnesota,2001,1.25,0.26,0.88,2.39
minnesota,2000,1.24,0.26,0.87,2.37
minnesota,1999,1.23,0.27,0.86,2.36
minnesota,1998,1.16,0.27,0.84,2.27
minnesota,1997,1.2,0.27,0.84,2.31
minnesota,1996,1.23,0.26,0.83,2.31
minnesota,1995,1.29,0.25,0.83,2.38
minnesota,1994,1.27,0.25,0.83,2.35
minnesota,1993,1.24,0.24,0.84,2.33
minnesota,1992,1.25,0.25,0.85,2.35
minnesota,1991,1.3,0.24,0.81,2.35
minnesota,1990,1.32,0.27,0.96,2.55
minnesota,1989,1.29,0.27,0.89,2.46
minnesota,1988,1.31,0.3,0.9,2.51
minnesota,1987,1.32,0.32,0.94,2.58
minnesota,1986,1.31,0.34,0.93,2.57
minnesota,1985,1.31,0.31,1.06,2.68
minnesota,1984,1.34,0.28,1.07,2.69
minnesota,1983,1.38,0.27,1.1,2.74
minnesota,1982,1.37,0.27,1.11,2.75
minnesota,1981,1.39,0.27,1.18,2.84
minnesota,1980,1.39,0.26,1.2,2.85
minnesota,1979,1.36,0.24,1.17,2.77
minnesota,1978,1.32,0.23,1.16,2.71
minnesota,1977,1.31,0.21,1.16,2.67
mississippi,2016,1.28,0.17,0.77,2.23
mississippi,2015,1.31,0.17,0.77,2.24
mississippi,2014,1.32,0.16,0.75,2.23
mississippi,2013,1.35,0.16,0.73,2.24
mississippi,2012,1.37,0.16,0.71,2.24
mississippi,2011,1.36,0.16,0.71,2.22
mississippi,2010,1.37,0.15,0.7,2.22
mississippi,2009,1.41,0.15,0.7,2.26
mississippi,2008,1.44,0.15,0.7,2.28
mississippi,2007,1.45,0.14,0.68,2.26
mississippi,2006,1.43,0.13,0.67,2.23
mississippi,2005,1.4,0.13,0.65,2.18
mississippi,2004,1.38,0.13,0.63,2.14
mississippi,2003,1.38,0.12,0.63,2.13
mississippi,2002,1.41,0.12,0.61,2.13
mississippi,2001,1.4,0.11,0.6,2.11
mississippi,2000,1.43,0.11,0.61,2.14
mississippi,1999,1.42,0.11,0.61,2.14
mississippi,1998,1.39,0.09,0.59,2.08
mississippi,1997,1.39,0.09,0.61,2.09
mississippi,1996,1.42,0.1,0.62,2.14
mississippi,1995,1.37,0.1,0.61,2.09
mississippi,1994,1.28,0.08,0.63,2
mississippi,1993,1.37,0.1,0.63,2.11
mississippi,1992,1.35,0.09,0.63,2.08
mississippi,1991,1.32,0.09,0.64,2.05
mississippi,1990,1.34,0.09,0.65,2.08
mississippi,1989,1.28,0.09,0.66,2.04
mississippi,1988,1.3,0.09,0.67,2.06
mississippi,1987,1.28,0.09,0.66,2.04
mississippi,1986,1.28,0.1,0.69,2.07
mississippi,1985,1.22,0.1,0.74,2.07
mississippi,1984,1.2,0.11,0.77,2.08
mississippi,1983,1.2,0.11,0.8,2.1
mississippi,1982,1.18,0.11,0.81,2.1
mississippi,1981,1.19,0.11,0.84,2.13
mississippi,1980,1.13,0.1,0.86,2.09
mississippi,1979,1.1,0.09,0.81,2
mississippi,1978,1.11,0.1,0.88,2.09
mississippi,1977,1.04,0.1,0.83,1.98
missouri,2016,1.15,0.38,0.96,2.49
missouri,2015,1.17,0.39,0.97,2.53
missouri,2014,1.16,0.36,0.88,2.4
missouri,2013,1.19,0.36,0.89,2.44
missouri,2012,1.22,0.34,0.86,2.42
missouri,2011,1.24,0.34,0.86,2.45
missouri,2010,1.27,0.32,0.81,2.41
missouri,2009,1.3,0.3,0.83,2.43
missouri,2008,1.32,0.3,0.8,2.42
missouri,2007,1.33,0.3,0.78,2.4
missouri,2006,1.33,0.28,0.76,2.37
missouri,2005,1.31,0.27,0.73,2.3
missouri,2004,1.33,0.27,0.72,2.32
missouri,2003,1.34,0.26,0.7,2.29
missouri,2002,1.36,0.25,0.67,2.27
missouri,2001,1.34,0.23,0.67,2.25
missouri,2000,1.35,0.23,0.67,2.25
missouri,1999,1.35,0.23,0.66,2.23
missouri,1998,1.33,0.23,0.63,2.18
missouri,1997,1.3,0.22,0.63,2.15
missouri,1996,1.31,0.22,0.57,2.1
missouri,1995,1.31,0.2,0.62,2.14
missouri,1994,1.36,0.19,0.66,2.21
missouri,1993,1.33,0.2,0.67,2.2
missouri,1992,1.34,0.21,0.69,2.24
missouri,1991,1.35,0.22,0.64,2.2
missouri,1990,1.37,0.22,0.7,2.3
missouri,1989,1.36,0.23,0.7,2.28
missouri,1988,1.35,0.26,0.7,2.31
missouri,1987,1.38,0.28,0.73,2.39
missouri,1986,1.38,0.28,0.73,2.39
missouri,1985,1.34,0.26,0.77,2.37
missouri,1984,1.35,0.26,0.68,2.29
missouri,1983,1.38,0.22,0.78,2.38
missouri,1982,1.39,0.22,0.79,2.39
missouri,1981,1.41,0.22,0.84,2.46
missouri,1980,1.39,0.2,0.84,2.44
missouri,1979,1.36,0.2,0.86,2.42
missouri,1978,1.31,0.19,0.89,2.39
missouri,1977,1.23,0.19,0.83,2.24
montana,2016,1.62,0.52,0.98,3.11
montana,2015,1.63,0.5,0.96,3.09
montana,2014,1.62,0.5,0.96,3.08
montana,2013,1.63,0.49,0.95,3.07
montana,2012,1.65,0.48,0.94,3.07
montana,2011,1.61,0.47,0.9,2.97
montana,2010,1.65,0.45,0.88,2.98
montana,2009,1.64,0.45,0.87,2.96
montana,2008,1.66,0.44,0.87,2.97
montana,2007,1.66,0.43,0.85,2.94
montana,2006,1.63,0.41,0.82,2.87
montana,2005,1.59,0.42,0.77,2.78
montana,2004,1.57,0.34,0.75,2.66
montana,2003,1.56,0.33,0.72,2.62
montana,2002,1.62,0.33,0.7,2.65
montana,2001,1.58,0.3,0.68,2.56
montana,2000,1.57,0.29,0.68,2.54
montana,1999,1.56,0.28,0.67,2.51
montana,1998,1.53,0.27,0.65,2.45
montana,1997,1.41,0.27,0.64,2.32
montana,1996,1.55,0.26,0.64,2.45
montana,1995,1.52,0.25,0.78,2.55
montana,1994,1.57,0.24,0.7,2.51
montana,1993,1.49,0.25,0.73,2.47
montana,1992,1.59,0.26,0.75,2.61
montana,1991,1.61,0.28,0.76,2.64
montana,1990,1.61,0.29,0.77,2.67
montana,1989,1.59,0.29,0.73,2.61
montana,1988,1.61,0.32,0.77,2.7
montana,1987,1.59,0.34,0.78,2.7
montana,1986,1.6,0.34,0.82,2.76
montana,1985,1.62,0.33,0.89,2.84
montana,1984,1.71,0.32,0.93,2.97
montana,1983,1.8,0.32,0.99,3.11
montana,1982,1.82,0.32,1.02,3.16
montana,1981,1.9,0.33,1.05,3.27
montana,1980,1.82,0.35,1.03,3.2
montana,1979,1.83,0.41,1.05,3.29
montana,1978,1.82,0.2,1.07,3.09
montana,1977,1.82,0.2,1.1,3.11
nebraska,2016,1.3,0.22,0.71,2.23
nebraska,2015,1.34,0.22,0.71,2.27
nebraska,2014,1.37,0.21,0.71,2.3
nebraska,2013,1.39,0.21,0.71,2.31
nebraska,2012,1.41,0.21,0.69,2.31
nebraska,2011,1.39,0.21,0.69,2.28
nebraska,2010,1.4,0.21,0.67,2.28
nebraska,2009,1.42,0.2,0.67,2.29
nebraska,2008,1.45,0.2,0.68,2.33
nebraska,2007,1.43,0.2,0.67,2.31
nebraska,2006,1.42,0.21,0.71,2.35
nebraska,2005,1.41,0.2,0.68,2.29
nebraska,2004,1.44,0.2,0.65,2.28
nebraska,2003,1.43,0.19,0.63,2.24
nebraska,2002,1.45,0.17,0.61,2.23
nebraska,2001,1.43,0.16,0.6,2.2
nebraska,2000,1.44,0.17,0.62,2.23
nebraska,1999,1.42,0.17,0.6,2.19
nebraska,1998,1.39,0.18,0.58,2.16
nebraska,1997,1.35,0.18,0.56,2.09
nebraska,1996,1.35,0.18,0.57,2.11
nebraska,1995,1.35,0.19,0.57,2.1
nebraska,1994,1.39,0.18,0.57,2.14
nebraska,1993,1.37,0.18,0.59,2.14
nebraska,1992,1.37,0.18,0.61,2.16
nebraska,1991,1.4,0.18,0.61,2.19
nebraska,1990,1.41,0.2,0.64,2.25
nebraska,1989,1.41,0.2,0.64,2.26
nebraska,1988,1.41,0.22,0.66,2.3
nebraska,1987,1.43,0.23,0.67,2.33
nebraska,1986,1.41,0.23,0.69,2.33
nebraska,1985,1.41,0.22,0.76,2.39
nebraska,1984,1.46,0.21,0.77,2.43
nebraska,1983,1.5,0.21,0.8,2.51
nebraska,1982,1.51,0.28,0.58,2.37
nebraska,1981,1.57,0.2,0.88,2.65
nebraska,1980,1.56,0.19,0.88,2.63
nebraska,1979,1.52,0.18,0.89,2.59
nebraska,1978,1.48,0.18,0.9,2.56
nebraska,1977,1.46,0.17,0.91,2.54
nevada,2016,1.41,0.61,1.44,3.46
nevada,2015,1.38,0.66,1.29,3.33
nevada,2014,1.41,0.66,1.3,3.36
nevada,2013,1.4,0.63,1.28,3.31
nevada,2012,1.41,0.62,1.24,3.27
nevada,2011,1.45,0.63,1.27,3.35
nevada,2010,1.49,0.6,1.21,3.3
nevada,2009,1.53,0.56,1.11,3.21
nevada,2008,1.63,0.61,1.29,3.53
nevada,2007,1.66,0.62,1.23,3.52
nevada,2006,1.71,0.65,1.28,3.63
nevada,2005,1.69,0.62,1.21,3.52
nevada,2004,1.73,0.63,1.25,3.61
nevada,2003,1.74,0.61,1.23,3.59
nevada,2002,1.74,0.6,1.22,3.56
nevada,2001,1.79,0.59,1.21,3.59
nevada,2000,1.79,0.62,1.26,3.67
nevada,1999,1.82,0.63,1.29,3.74
nevada,1998,1.8,0.58,1.23,3.62
nevada,1997,1.84,0.58,1.3,3.72
nevada,1996,1.91,0.59,1.39,3.89
nevada,1995,1.87,0.58,1.39,3.84
nevada,1994,1.93,0.57,1.51,4
nevada,1993,1.95,0.58,1.54,4.07
nevada,1992,2.02,0.62,1.61,4.25
nevada,1991,2.05,0.63,1.63,4.31
nevada,1990,2.17,0.69,1.92,4.78
nevada,1989,2.12,0.71,1.87,4.7
nevada,1988,2.08,0.76,1.95,4.8
nevada,1987,2.01,0.83,2.05,4.89
nevada,1986,2.04,0.86,2.07,4.97
nevada,1985,1.96,0.84,2.18,4.99
nevada,1984,1.97,0.8,2.32,5.1
nevada,1983,1.96,0.78,2.43,5.18
nevada,1982,2,0.77,2.5,5.27
nevada,1981,2.08,0.8,2.71,5.59
nevada,1980,2.06,0.78,2.9,5.75
nevada,1979,2.07,0.79,2.97,5.83
nevada,1978,2.01,0.77,3.34,6.13
nevada,1977,1.99,0.77,3.56,6.32
new hampshire,2016,1.87,0.88,2,4.76
new hampshire,2015,1.88,0.88,1.96,4.72
new hampshire,2014,1.69,0.89,1.96,4.54
new hampshire,2013,1.86,0.89,1.93,4.68
new hampshire,2012,1.9,0.86,1.89,4.65
new hampshire,2011,1.86,0.92,1.98,4.77
new hampshire,2010,1.81,0.84,1.85,4.5
new hampshire,2009,1.79,0.84,1.84,4.47
new hampshire,2008,1.78,0.81,1.79,4.39
new hampshire,2007,1.82,0.79,1.75,4.36
new hampshire,2006,1.73,0.78,1.77,4.28
new hampshire,2005,1.75,0.75,1.71,4.2
new hampshire,2004,1.74,0.73,1.67,4.14
new hampshire,2003,1.75,0.71,1.63,4.09
new hampshire,2002,1.75,0.7,1.64,4.09
new hampshire,2001,1.75,0.66,1.62,4.03
new hampshire,2000,1.78,0.65,1.63,4.06
new hampshire,1999,1.77,0.65,1.64,4.06
new hampshire,1998,1.77,0.55,1.67,3.99
new hampshire,1997,1.78,0.54,1.72,4.04
new hampshire,1996,1.78,0.53,1.79,4.11
new hampshire,1995,1.73,0.5,1.79,4.02
new hampshire,1994,1.75,0.48,1.9,4.13
new hampshire,1993,1.83,0.54,2.01,4.38
new hampshire,1992,1.81,0.52,1.96,4.3
new hampshire,1991,1.85,0.49,1.96,4.3
new hampshire,1990,1.85,0.49,1.97,4.3
new hampshire,1989,1.87,0.5,2,4.38
new hampshire,1988,1.91,0.49,1.94,4.34
new hampshire,1987,1.93,0.5,1.99,4.42
new hampshire,1986,1.93,0.52,2.06,4.52
new hampshire,1985,1.99,0.53,2.22,4.74
new hampshire,1984,1.99,0.59,2.33,4.92
new hampshire,1983,2.17,0.56,2.36,5.09
new hampshire,1982,1.9,0.59,2.35,4.84
new hampshire,1981,1.89,0.59,2.43,4.91
new hampshire,1980,1.93,0.6,2.49,5.02
new hampshire,1979,1.94,0.61,2.56,5.1
new hampshire,1978,1.95,0.53,2.88,5.36
new hampshire,1977,1.86,0.49,2.88,5.23
new jersey,2016,0.82,0.59,0.92,2.34
new jersey,2015,0.83,0.6,0.92,2.36
new jersey,2014,0.84,0.62,0.92,2.37
new jersey,2013,0.84,0.61,0.92,2.36
new jersey,2012,0.88,0.6,0.9,2.39
new jersey,2011,0.89,0.58,0.89,2.36
new jersey,2010,0.92,0.57,0.86,2.35
new jersey,2009,0.91,0.57,0.86,2.34
new jersey,2008,0.93,0.55,0.86,2.35
new jersey,2007,0.93,0.55,0.86,2.33
new jersey,2006,0.95,0.54,0.85,2.33
new jersey,2005,0.95,0.52,0.83,2.3
new jersey,2004,0.96,0.52,0.82,2.3
new jersey,2003,0.95,0.5,0.8,2.24
new jersey,2002,0.98,0.49,0.77,2.24
new jersey,2001,0.99,0.47,0.75,2.2
new jersey,2000,0.97,0.47,0.76,2.2
new jersey,1999,0.97,0.47,0.74,2.18
new jersey,1998,0.98,0.46,0.71,2.15
new jersey,1997,0.99,0.46,0.74,2.19
new jersey,1996,1,0.44,0.76,2.2
new jersey,1995,1.06,0.44,0.79,2.28
new jersey,1994,1.04,0.43,0.79,2.27
new jersey,1993,1.07,0.42,0.79,2.29
new jersey,1992,1.07,0.44,0.83,2.34
new jersey,1991,1.09,0.43,0.82,2.34
new jersey,1990,1.15,0.48,0.95,2.58
new jersey,1989,1.13,0.5,0.95,2.58
new jersey,1988,1.15,0.51,0.93,2.58
new jersey,1987,1.18,0.54,1,2.72
new jersey,1986,1.17,0.56,1.03,2.77
new jersey,1985,1.17,0.55,1.07,2.79
new jersey,1984,1.18,0.54,1.1,2.82
new jersey,1983,1.2,0.52,1.13,2.85
new jersey,1982,1.21,0.52,1.13,2.87
new jersey,1981,1.21,0.51,1.15,2.87
new jersey,1980,1.22,0.47,1.13,2.82
new jersey,1979,1.18,0.43,1.1,2.71
new jersey,1978,1.17,0.41,1.1,2.69
new jersey,1977,1.16,0.4,1.13,2.69
new mexico,2016,1.11,0.31,0.85,2.27
new mexico,2015,1.03,0.3,0.78,2.11
new mexico,2014,1.29,0.31,0.82,2.42
new mexico,2013,1.17,0.34,0.85,2.35
new mexico,2012,1.24,0.33,0.79,2.36
new mexico,2011,1.32,0.31,0.73,2.35
new mexico,2010,1.23,0.31,0.74,2.28
new mexico,2009,1.34,0.31,0.72,2.38
new mexico,2008,1.41,0.31,0.71,2.43
new mexico,2007,1.39,0.3,0.7,2.39
new mexico,2006,1.37,0.3,0.69,2.36
new mexico,2005,1.47,0.29,0.66,2.42
new mexico,2004,1.46,0.25,0.66,2.36
new mexico,2003,1.52,0.27,0.61,2.4
new mexico,2002,1.52,0.26,0.61,2.4
new mexico,2001,1.54,0.25,0.61,2.39
new mexico,2000,1.53,0.25,0.61,2.38
new mexico,1999,1.53,0.25,0.59,2.36
new mexico,1998,1.49,0.24,0.58,2.31
new mexico,1997,1.51,0.24,0.58,2.33
new mexico,1996,1.55,0.24,0.59,2.38
new mexico,1995,1.56,0.24,0.6,2.4
new mexico,1994,1.46,0.19,0.6,2.25
new mexico,1993,1.53,0.23,0.63,2.39
new mexico,1992,1.56,0.25,0.66,2.47
new mexico,1991,1.64,0.26,0.64,2.54
new mexico,1990,1.68,0.28,0.68,2.64
new mexico,1989,1.67,0.29,0.66,2.62
new mexico,1988,1.66,0.33,0.68,2.67
new mexico,1987,1.65,0.36,0.68,2.69
new mexico,1986,1.66,0.36,0.71,2.73
new mexico,1985,1.71,0.36,0.77,2.84
new mexico,1984,1.72,0.28,0.76,2.76
new mexico,1983,1.72,0.31,0.98,3.01
new mexico,1982,1.72,0.34,0.93,2.99
new mexico,1981,1.73,0.32,0.95,3
new mexico,1980,1.65,0.32,0.99,2.97
new mexico,1979,1.64,0.29,0.97,2.91
new mexico,1978,1.65,0.31,0.96,2.93
new mexico,1977,1.62,0.31,0.95,2.88
new york,2016,0.91,0.53,0.78,2.22
new york,2015,0.9,0.5,0.77,2.18
new york,2014,0.9,0.53,0.76,2.2
new york,2013,0.93,0.51,0.77,2.21
new york,2012,0.91,0.51,0.75,2.17
new york,2011,0.89,0.5,0.72,2.11
new york,2010,0.89,0.48,0.71,2.09
new york,2009,0.92,0.47,0.7,2.08
new york,2008,0.93,0.47,0.68,2.08
new york,2007,0.93,0.47,0.69,2.1
new york,2006,0.89,0.46,0.66,2.01
new york,2005,0.91,0.43,0.65,1.99
new york,2004,0.92,0.42,0.62,1.96
new york,2003,0.93,0.4,0.61,1.94
new york,2002,0.95,0.38,0.59,1.92
new york,2001,0.96,0.37,0.56,1.89
new york,2000,0.92,0.38,0.58,1.88
new york,1999,0.93,0.37,0.56,1.85
new york,1998,0.95,0.38,0.51,1.84
new york,1997,0.86,0.36,0.56,1.79
new york,1996,0.91,0.36,0.57,1.84
new york,1995,1,0.38,0.57,1.95
new york,1994,0.98,0.35,0.6,1.93
new york,1993,1,0.35,0.62,1.97
new york,1992,1.04,0.37,0.68,2.09
new york,1991,1.09,0.37,0.69,2.14
new york,1990,1.13,0.41,0.76,2.3
new york,1989,1.11,0.42,0.81,2.34
new york,1988,1.14,0.44,0.86,2.45
new york,1987,1.14,0.47,0.9,2.51
new york,1986,1.12,0.5,0.91,2.53
new york,1985,1.14,0.49,0.98,2.61
new york,1984,1.14,0.49,1.03,2.67
new york,1983,1.23,0.49,1.05,2.77
new york,1982,1.26,0.48,1.11,2.85
new york,1981,1.25,0.46,1.12,2.83
new york,1980,1.27,0.46,1.17,2.91
new york,1979,1.21,0.44,1.17,2.83
new york,1978,1.18,0.42,1.18,2.78
new york,1977,1.18,0.39,1.18,2.75
north carolina,2016,1.05,0.43,0.64,2.13
north carolina,2015,1.05,0.42,0.63,2.1
north carolina,2014,1.04,0.41,0.61,2.06
north carolina,2013,1.04,0.39,0.6,2.03
north carolina,2012,1.07,0.38,0.6,2.05
north carolina,2011,1.05,0.37,0.58,2.01
north carolina,2010,1.08,0.35,0.57,2.01
north carolina,2009,1.09,0.33,0.57,1.99
north carolina,2008,1.13,0.34,0.57,2.03
north carolina,2007,1.15,0.33,0.56,2.04
north carolina,2006,1.14,0.32,0.54,2.01
north carolina,2005,1.13,0.3,0.54,1.96
north carolina,2004,1.16,0.3,0.53,1.99
north carolina,2003,1.21,0.27,0.52,2
north carolina,2002,1.25,0.27,0.5,2.02
north carolina,2001,1.24,0.25,0.51,2
north carolina,2000,1.22,0.25,0.52,1.98
north carolina,1999,1.21,0.24,0.51,1.96
north carolina,1998,1.21,0.23,0.5,1.94
north carolina,1997,1.22,0.23,0.52,1.97
north carolina,1996,1.21,0.24,0.52,1.98
north carolina,1995,1.12,0.21,0.53,1.87
north carolina,1994,1.14,0.21,0.54,1.89
north carolina,1993,1.14,0.22,0.56,1.92
north carolina,1992,1.14,0.23,0.59,1.96
north carolina,1991,1.11,0.24,0.6,1.96
north carolina,1990,1.16,0.27,0.65,2.08
north carolina,1989,1.13,0.27,0.66,2.05
north carolina,1988,1.11,0.28,0.68,2.08
north carolina,1987,1.11,0.28,0.71,2.09
north carolina,1986,1.11,0.3,0.74,2.15
north carolina,1985,1.1,0.27,0.76,2.13
north carolina,1984,1.11,0.24,0.78,2.13
north carolina,1983,1.11,0.22,0.8,2.12
north carolina,1982,1.07,0.21,0.85,2.13
north carolina,1981,1.1,0.21,0.86,2.16
north carolina,1980,1.1,0.2,0.85,2.16
north carolina,1979,1.04,0.21,0.84,2.09
north carolina,1978,1.02,0.19,0.83,2.04
north carolina,1977,0.98,0.19,0.81,1.98
north dakota,2016,1.64,0.34,1.29,3.26
north dakota,2015,1.58,0.35,1.32,3.25
north dakota,2014,1.67,0.35,1.39,3.41
north dakota,2013,1.68,0.32,1.37,3.38
north dakota,2012,1.75,0.3,1.37,3.42
north dakota,2011,1.66,0.26,1.26,3.18
north dakota,2010,1.49,0.25,1.19,2.93
north dakota,2009,1.59,0.24,1.13,2.96
north dakota,2008,1.6,0.23,1.11,2.94
north dakota,2007,1.53,0.23,1.06,2.82
north dakota,2006,1.5,0.2,1,2.7
north dakota,2005,1.48,0.18,0.94,2.6
north dakota,2004,1.49,0.18,0.82,2.49
north dakota,2003,1.53,0.17,0.86,2.56
north dakota,2002,1.51,0.16,0.83,2.5
north dakota,2001,1.46,0.15,0.81,2.42
north dakota,2000,1.47,0.15,0.79,2.4
north dakota,1999,1.48,0.15,0.78,2.41
north dakota,1998,1.45,0.13,0.76,2.35
north dakota,1997,1.4,0.13,0.77,2.3
north dakota,1996,1.4,0.13,0.77,2.3
north dakota,1995,1.36,0.16,0.77,2.28
north dakota,1994,1.39,0.15,0.78,2.32
north dakota,1993,1.37,0.15,0.84,2.36
north dakota,1992,1.38,0.15,0.85,2.39
north dakota,1991,1.43,0.16,0.86,2.44
north dakota,1990,1.47,0.17,0.93,2.56
north dakota,1989,1.41,0.17,0.86,2.44
north dakota,1988,1.41,0.19,0.88,2.48
north dakota,1987,1.37,0.21,0.89,2.47
north dakota,1986,1.34,0.22,0.87,2.44
north dakota,1985,1.34,0.19,0.96,2.5
north dakota,1984,1.41,0.17,0.99,2.56
north dakota,1983,1.49,0.17,1.05,2.71
north dakota,1982,1.52,0.18,1.09,2.79
north dakota,1981,1.53,0.18,1.14,2.85
north dakota,1980,1.52,0.17,1.13,2.82
north dakota,1979,1.46,0.16,1.1,2.72
north dakota,1978,1.45,0.16,1.15,2.76
north dakota,1977,1.35,0.15,1.12,2.62
ohio,2016,1.15,0.31,0.58,2.04
ohio,2015,1.17,0.3,0.56,2.03
ohio,2014,1.19,0.3,0.54,2.03
ohio,2013,1.22,0.3,0.53,2.04
ohio,2012,1.23,0.29,0.51,2.03
ohio,2011,1.24,0.28,0.49,2.02
ohio,2010,1.29,0.25,0.48,2.02
ohio,2009,1.3,0.27,0.47,2.03
ohio,2008,1.33,0.26,0.46,2.05
ohio,2007,1.34,0.25,0.45,2.04
ohio,2006,1.33,0.24,0.44,2.01
ohio,2005,1.34,0.23,0.43,2
ohio,2004,1.34,0.22,0.42,1.97
ohio,2003,1.34,0.22,0.4,1.95
ohio,2002,1.35,0.21,0.39,1.95
ohio,2001,1.34,0.21,0.39,1.93
ohio,2000,1.32,0.21,0.38,1.91
ohio,1999,1.32,0.2,0.37,1.9
ohio,1998,1.3,0.19,0.44,1.94
ohio,1997,1.28,0.19,0.43,1.89
ohio,1996,1.36,0.18,0.43,1.97
ohio,1995,1.29,0.17,0.43,1.89
ohio,1994,1.31,0.16,0.37,1.85
ohio,1993,1.29,0.16,0.5,1.95
ohio,1992,1.32,0.17,0.5,1.98
ohio,1991,1.33,0.18,0.51,2.03
ohio,1990,1.34,0.22,0.53,2.09
ohio,1989,1.36,0.22,0.51,2.09
ohio,1988,1.35,0.24,0.55,2.13
ohio,1987,1.35,0.24,0.59,2.18
ohio,1986,1.32,0.25,0.6,2.18
ohio,1985,1.37,0.25,0.59,2.21
ohio,1984,1.41,0.25,0.61,2.27
ohio,1983,1.36,0.22,0.65,2.23
ohio,1982,1.4,0.22,0.66,2.28
ohio,1981,1.35,0.22,0.68,2.25
ohio,1980,1.39,0.21,0.72,2.33
ohio,1979,1.35,0.19,0.7,2.25
ohio,1978,1.19,0.2,0.7,2.08
ohio,1977,1.16,0.18,0.7,2.03
oklahoma,2016,1.05,0.2,0.63,1.88
oklahoma,2015,1.07,0.19,0.62,1.89
oklahoma,2014,1.09,0.19,0.63,1.91
oklahoma,2013,1.11,0.19,0.62,1.93
oklahoma,2012,1.14,0.19,0.61,1.94
oklahoma,2011,1.14,0.19,0.59,1.92
oklahoma,2010,1.16,0.18,0.58,1.92
oklahoma,2009,1.17,0.18,0.58,1.93
oklahoma,2008,1.22,0.18,0.58,1.97
oklahoma,2007,1.17,0.17,0.57,1.91
oklahoma,2006,1.13,0.17,0.56,1.87
oklahoma,2005,1.09,0.16,0.55,1.8
oklahoma,2004,1.11,0.13,0.46,1.7
oklahoma,2003,1.06,0.13,0.74,1.93
oklahoma,2002,1.12,0.13,0.58,1.82
oklahoma,2001,1.11,0.12,0.43,1.65
oklahoma,2000,1.12,0.12,0.44,1.69
oklahoma,1999,1.11,0.12,0.44,1.68
oklahoma,1998,1.12,0.12,0.43,1.68
oklahoma,1997,1.1,0.12,0.43,1.65
oklahoma,1996,1.09,0.12,0.45,1.66
oklahoma,1995,1.1,0.12,0.44,1.66
oklahoma,1994,1.15,0.13,0.5,1.78
oklahoma,1993,1.11,0.11,0.48,1.7
oklahoma,1992,1.13,0.13,0.55,1.81
oklahoma,1991,1.09,0.13,0.54,1.76
oklahoma,1990,1.12,0.14,0.55,1.81
oklahoma,1989,1.08,0.14,0.54,1.75
oklahoma,1988,1.07,0.14,0.52,1.73
oklahoma,1987,1.06,0.15,0.58,1.79
oklahoma,1986,1.06,0.15,0.62,1.84
oklahoma,1985,1.05,0.15,0.68,1.88
oklahoma,1984,1,0.16,0.74,1.91
oklahoma,1983,1.04,0.16,0.77,1.97
oklahoma,1982,1.15,0.16,0.82,2.14
oklahoma,1981,1.14,0.16,0.83,2.13
oklahoma,1980,1.07,0.16,0.71,1.94
oklahoma,1979,1.03,0.13,0.78,1.94
oklahoma,1978,1.05,0.14,0.8,2
oklahoma,1977,1.04,0.13,0.77,1.95
oregon,2016,1.24,0.6,0.91,2.75
oregon,2015,1.23,0.58,0.9,2.71
oregon,2014,1.23,0.57,0.9,2.7
oregon,2013,1.2,0.57,0.89,2.66
oregon,2012,1.21,0.57,0.89,2.66
oregon,2011,1.18,0.56,0.85,2.59
oregon,2010,1.19,0.49,0.83,2.51
oregon,2009,1.28,0.49,0.82,2.59
oregon,2008,1.22,0.49,0.83,2.54
oregon,2007,1.35,0.5,0.81,2.65
oregon,2006,1.32,0.49,0.78,2.59
oregon,2005,1.16,0.5,0.75,2.4
oregon,2004,1.23,0.49,0.72,2.44
oregon,2003,1.2,0.47,0.69,2.36
oregon,2002,1.22,0.46,0.66,2.34
oregon,2001,1.22,0.43,0.65,2.3
oregon,2000,1.2,0.44,0.64,2.28
oregon,1999,1.21,0.43,0.63,2.27
oregon,1998,1.2,0.43,0.61,2.25
oregon,1997,1.19,0.44,0.6,2.24
oregon,1996,1.23,0.44,0.61,2.27
oregon,1995,1.21,0.42,0.59,2.23
oregon,1994,1.23,0.37,0.62,2.21
oregon,1993,1.24,0.43,0.64,2.31
oregon,1992,1.29,0.46,0.67,2.41
oregon,1991,1.28,0.44,0.67,2.38
oregon,1990,1.32,0.47,0.73,2.51
oregon,1989,1.28,0.47,0.7,2.46
oregon,1988,1.29,0.52,0.72,2.52
oregon,1987,1.28,0.53,0.73,2.54
oregon,1986,1.28,0.55,0.74,2.57
oregon,1985,1.25,0.55,0.77,2.58
oregon,1984,1.28,0.53,0.82,2.63
oregon,1983,1.32,0.53,0.85,2.7
oregon,1982,1.32,0.52,0.88,2.72
oregon,1981,1.37,0.5,0.92,2.79
oregon,1980,1.36,0.5,0.94,2.81
oregon,1979,1.36,0.47,0.94,2.77
oregon,1978,1.32,0.46,0.96,2.74
oregon,1977,1.3,0.45,0.94,2.7
pennsylvania,2016,1.31,0.33,0.72,2.36
pennsylvania,2015,1.31,0.32,0.7,2.33
pennsylvania,2014,1.32,0.32,0.7,2.34
pennsylvania,2013,1.34,0.31,0.68,2.33
pennsylvania,2012,1.36,0.31,0.67,2.34
pennsylvania,2011,1.37,0.3,0.66,2.33
pennsylvania,2010,1.37,0.29,0.64,2.3
pennsylvania,2009,1.37,0.28,0.63,2.27
pennsylvania,2008,1.36,0.26,0.61,2.23
pennsylvania,2007,1.35,0.25,0.58,2.18
pennsylvania,2006,1.32,0.23,0.55,2.1
pennsylvania,2005,1.32,0.23,0.55,2.11
pennsylvania,2004,1.3,0.23,0.53,2.06
pennsylvania,2003,1.31,0.22,0.51,2.04
pennsylvania,2002,1.35,0.21,0.49,2.06
pennsylvania,2001,1.33,0.2,0.48,2.02
pennsylvania,2000,1.29,0.2,0.47,1.96
pennsylvania,1999,1.27,0.2,0.46,1.92
pennsylvania,1998,1.21,0.18,0.45,1.85
pennsylvania,1997,1.32,0.18,0.45,1.95
pennsylvania,1996,1.26,0.17,0.45,1.88
pennsylvania,1995,1.26,0.17,0.45,1.88
pennsylvania,1994,1.28,0.18,0.47,1.93
pennsylvania,1993,1.31,0.17,0.48,1.96
pennsylvania,1992,1.3,0.18,0.51,1.99
pennsylvania,1991,1.36,0.17,0.52,2.05
pennsylvania,1990,1.42,0.18,0.55,2.15
pennsylvania,1989,1.38,0.18,0.57,2.13
pennsylvania,1988,1.41,0.19,0.54,2.14
pennsylvania,1987,1.4,0.2,0.62,2.22
pennsylvania,1986,1.4,0.21,0.64,2.25
pennsylvania,1985,1.38,0.21,0.65,2.23
pennsylvania,1984,1.38,0.21,0.67,2.26
pennsylvania,1983,1.41,0.22,0.67,2.31
pennsylvania,1982,1.44,0.23,0.7,2.37
pennsylvania,1981,1.42,0.23,0.72,2.38
pennsylvania,1980,1.45,0.22,0.71,2.39
pennsylvania,1979,1.4,0.22,0.72,2.34
pennsylvania,1978,1.35,0.21,0.73,2.3
pennsylvania,1977,1.34,0.2,0.74,2.27
rhode island,2016,0.94,0.58,1.05,2.57
rhode island,2015,0.96,0.57,0.99,2.52
rhode island,2014,1.02,0.51,0.86,2.39
rhode island,2013,1,0.58,0.98,2.56
rhode island,2012,1.03,0.59,0.97,2.58
rhode island,2011,1.04,0.58,0.94,2.55
rhode island,2010,1.07,0.56,0.92,2.55
rhode island,2009,1.07,0.55,0.85,2.47
rhode island,2008,1.09,0.52,0.84,2.46
rhode island,2007,1.1,0.53,0.82,2.45
rhode island,2006,1.07,0.51,0.83,2.41
rhode island,2005,0.98,0.49,0.82,2.29
rhode island,2004,1.13,0.5,0.8,2.42
rhode island,2003,1.13,0.51,0.8,2.45
rhode island,2002,1.17,0.48,0.74,2.4
rhode island,2001,1.19,0.46,0.7,2.36
rhode island,2000,1.16,0.46,0.7,2.31
rhode island,1999,1.14,0.45,0.69,2.28
rhode island,1998,1.14,0.47,0.63,2.24
rhode island,1997,1.22,0.44,0.64,2.3
rhode island,1996,1.16,0.42,0.66,2.24
rhode island,1995,1.18,0.38,0.63,2.19
rhode island,1994,1.23,0.38,0.66,2.27
rhode island,1993,1.22,0.36,0.69,2.27
rhode island,1992,1.24,0.39,0.7,2.33
rhode island,1991,1.33,0.37,0.71,2.41
rhode island,1990,1.31,0.44,0.79,2.54
rhode island,1989,1.35,0.46,0.86,2.67
rhode island,1988,1.38,0.49,0.96,2.82
rhode island,1987,1.39,0.51,0.93,2.83
rhode island,1986,1.4,0.53,0.92,2.85
rhode island,1985,1.4,0.51,1.03,2.93
rhode island,1984,1.37,0.52,1.03,2.92
rhode island,1983,1.48,0.5,1.06,3.04
rhode island,1982,1.34,0.55,1.04,2.94
rhode island,1981,1.36,0.53,1.04,2.92
rhode island,1980,1.46,0.53,1.13,3.13
rhode island,1979,1.42,0.49,1.08,2.98
rhode island,1978,1.37,0.48,1.13,2.98
rhode island,1977,1.35,0.42,1.09,2.86
south carolina,2016,1.18,0.25,0.79,2.22
south carolina,2015,1.21,0.25,0.79,2.25
south carolina,2014,1.23,0.25,0.8,2.28
south carolina,2013,1.26,0.25,0.8,2.31
south carolina,2012,1.28,0.25,0.79,2.32
south carolina,2011,1.29,0.25,0.78,2.31
south carolina,2010,1.31,0.24,0.76,2.31
south carolina,2009,1.35,0.24,0.76,2.34
south carolina,2008,1.39,0.24,0.76,2.4
south carolina,2007,1.42,0.24,0.76,2.42
south carolina,2006,1.45,0.24,0.76,2.45
south carolina,2005,1.43,0.24,0.75,2.42
south carolina,2004,1.39,0.24,0.76,2.38
south carolina,2003,1.38,0.23,0.74,2.35
south carolina,2002,1.4,0.22,0.67,2.3
south carolina,2001,1.4,0.22,0.65,2.27
south carolina,2000,1.49,0.22,0.72,2.43
south carolina,1999,1.48,0.22,0.72,2.41
south carolina,1998,1.44,0.21,0.72,2.37
south carolina,1997,1.48,0.2,0.71,2.4
south carolina,1996,1.38,0.21,0.71,2.3
south carolina,1995,1.33,0.19,0.68,2.2
south carolina,1994,1.38,0.17,0.74,2.29
south carolina,1993,1.36,0.2,0.75,2.3
south carolina,1992,1.34,0.2,0.79,2.33
south carolina,1991,1.34,0.22,0.84,2.41
south carolina,1990,1.44,0.25,0.92,2.61
south carolina,1989,1.39,0.24,0.86,2.49
south carolina,1988,1.38,0.26,0.9,2.54
south carolina,1987,1.35,0.27,0.89,2.52
south carolina,1986,1.31,0.27,0.93,2.52
south carolina,1985,1.28,0.25,1,2.53
south carolina,1984,1.27,0.24,1.01,2.52
south carolina,1983,1.27,0.2,1.02,2.49
south carolina,1982,1.23,0.2,0.99,2.43
south carolina,1981,1.24,0.19,1.04,2.48
south carolina,1980,1.22,0.18,1.06,2.45
south carolina,1979,1.18,0.16,1.12,2.45
south carolina,1978,1.14,0.17,1.15,2.45
south carolina,1977,1.12,0.16,1.09,2.37
south dakota,2016,1.46,0.31,1.1,2.87
south dakota,2015,1.48,0.29,1.02,2.79
south dakota,2014,1.5,0.25,0.99,2.74
south dakota,2013,1.52,0.28,1.02,2.81
south dakota,2012,1.53,0.26,0.96,2.76
south dakota,2011,1.51,0.28,0.97,2.77
south dakota,2010,1.53,0.24,0.92,2.69
south dakota,2009,1.54,0.22,0.89,2.65
south dakota,2008,1.57,0.22,0.87,2.66
south dakota,2007,1.52,0.22,0.87,2.61
south dakota,2006,1.51,0.19,0.79,2.5
south dakota,2005,1.5,0.19,0.83,2.52
south dakota,2004,1.51,0.18,0.76,2.45
south dakota,2003,1.52,0.16,0.74,2.41
south dakota,2002,1.51,0.15,0.67,2.34
south dakota,2001,1.49,0.15,0.71,2.35
south dakota,2000,1.46,0.15,0.69,2.3
south dakota,1999,1.43,0.14,0.7,2.27
south dakota,1998,1.41,0.13,0.68,2.23
south dakota,1997,1.33,0.13,0.69,2.15
south dakota,1996,1.33,0.13,0.68,2.15
south dakota,1995,1.35,0.12,0.73,2.21
south dakota,1994,1.38,0.12,0.73,2.24
south dakota,1993,1.35,0.12,0.73,2.2
south dakota,1992,1.37,0.15,0.74,2.26
south dakota,1991,1.37,0.15,0.76,2.27
south dakota,1990,1.36,0.18,0.8,2.34
south dakota,1989,1.3,0.15,0.72,2.17
south dakota,1988,1.25,0.16,0.79,2.21
south dakota,1987,1.27,0.2,0.81,2.28
south dakota,1986,1.26,0.2,0.83,2.29
south dakota,1985,1.23,0.18,0.95,2.35
south dakota,1984,1.28,0.17,0.9,2.35
south dakota,1983,1.31,0.17,0.96,2.44
south dakota,1982,1.29,0.18,0.97,2.44
south dakota,1981,1.31,0.19,1.04,2.54
south dakota,1980,1.3,0.18,1.07,2.56
south dakota,1979,1.23,0.17,1.04,2.44
south dakota,1978,1.2,0.17,1.05,2.42
south dakota,1977,1.16,0.17,1.07,2.39
tennessee,2016,1.02,0.33,0.79,2.14
tennessee,2015,1.03,0.27,0.76,2.06
tennessee,2014,1.04,0.25,0.73,2.02
tennessee,2013,1.05,0.25,0.7,2
tennessee,2012,1.07,0.25,0.68,2
tennessee,2011,1.13,0.24,0.66,2.04
tennessee,2010,1.04,0.22,0.61,1.88
tennessee,2009,1.05,0.21,0.57,1.83
tennessee,2008,1.1,0.2,0.57,1.87
tennessee,2007,1.13,0.2,0.56,1.9
tennessee,2006,1.14,0.19,0.56,1.89
tennessee,2005,1.19,0.19,0.55,1.92
tennessee,2004,1.22,0.18,0.53,1.93
tennessee,2003,1.27,0.18,0.52,1.96
tennessee,2002,1.17,0.17,0.51,1.86
tennessee,2001,1.15,0.16,0.5,1.81
tennessee,2000,1.19,0.16,0.51,1.85
tennessee,1999,1.19,0.15,0.49,1.83
tennessee,1998,1.19,0.15,0.5,1.84
tennessee,1997,1.14,0.15,0.5,1.8
tennessee,1996,1.14,0.15,0.51,1.8
tennessee,1995,1.17,0.15,0.51,1.83
tennessee,1994,1.18,0.15,0.53,1.86
tennessee,1993,1.2,0.14,0.54,1.87
tennessee,1992,1.21,0.14,0.56,1.9
tennessee,1991,1.19,0.13,0.54,1.87
tennessee,1990,1.22,0.14,0.6,1.96
tennessee,1989,1.2,0.14,0.6,1.93
tennessee,1988,1.22,0.15,0.61,1.97
tennessee,1987,1.19,0.15,0.63,1.97
tennessee,1986,1.18,0.16,0.63,1.98
tennessee,1985,1.12,0.16,0.68,1.97
tennessee,1984,1.11,0.15,0.7,1.97
tennessee,1983,1.11,0.14,0.7,1.95
tennessee,1982,1.13,0.14,0.7,1.97
tennessee,1981,1.14,0.13,0.71,1.98
tennessee,1980,1.1,0.12,0.69,1.91
tennessee,1979,1.1,0.11,0.7,1.91
tennessee,1978,1.12,0.1,0.7,1.93
tennessee,1977,1.07,0.1,0.69,1.86
texas,2016,1.3,0.34,0.69,2.34
texas,2015,1.28,0.33,0.67,2.29
texas,2014,1.25,0.33,0.65,2.24
texas,2013,1.3,0.32,0.63,2.25
texas,2012,1.33,0.32,0.63,2.28
texas,2011,1.35,0.31,0.61,2.27
texas,2010,1.35,0.29,0.59,2.23
texas,2009,1.41,0.28,0.58,2.26
texas,2008,1.43,0.27,0.58,2.28
texas,2007,1.41,0.27,0.56,2.24
texas,2006,1.43,0.26,0.55,2.24
texas,2005,1.43,0.25,0.53,2.2
texas,2004,1.45,0.24,0.52,2.21
texas,2003,1.46,0.23,0.51,2.19
texas,2002,1.49,0.22,0.5,2.21
texas,2001,1.51,0.21,0.49,2.21
texas,2000,1.53,0.22,0.5,2.25
texas,1999,1.54,0.2,0.49,2.23
texas,1998,1.52,0.2,0.5,2.21
texas,1997,1.56,0.19,0.47,2.22
texas,1996,1.57,0.2,0.49,2.26
texas,1995,1.58,0.19,0.5,2.27
texas,1994,1.6,0.2,0.51,2.31
texas,1993,1.6,0.2,0.53,2.33
texas,1992,1.65,0.24,0.55,2.45
texas,1991,1.6,0.25,0.55,2.4
texas,1990,1.64,0.26,0.58,2.47
texas,1989,1.62,0.27,0.58,2.46
texas,1988,1.61,0.28,0.59,2.47
texas,1987,1.62,0.29,0.61,2.52
texas,1986,1.67,0.31,0.65,2.63
texas,1985,1.68,0.3,0.73,2.71
texas,1984,1.73,0.28,0.79,2.8
texas,1983,1.72,0.27,0.79,2.78
texas,1982,1.83,0.18,0.84,2.84
texas,1981,1.84,0.24,0.85,2.94
texas,1980,1.75,0.22,0.8,2.77
texas,1979,1.7,0.14,0.84,2.68
texas,1978,1.64,0.14,0.82,2.6
texas,1977,1.59,0.14,0.78,2.51
utah,2016,0.63,0.19,0.52,1.34
utah,2015,0.65,0.2,0.54,1.39
utah,2014,0.66,0.19,0.52,1.37
utah,2013,0.67,0.19,0.51,1.36
utah,2012,0.69,0.19,0.5,1.37
utah,2011,0.68,0.18,0.49,1.36
utah,2010,0.7,0.18,0.47,1.35
utah,2009,0.72,0.17,0.47,1.36
utah,2008,0.76,0.17,0.47,1.41
utah,2007,0.77,0.16,0.44,1.38
utah,2006,0.73,0.16,0.44,1.33
utah,2005,0.7,0.16,0.41,1.27
utah,2004,0.76,0.15,0.39,1.3
utah,2003,0.76,0.14,0.39,1.3
utah,2002,0.77,0.14,0.39,1.3
utah,2001,0.77,0.14,0.39,1.3
utah,2000,0.75,0.14,0.4,1.29
utah,1999,0.74,0.13,0.38,1.25
utah,1998,0.77,0.13,0.37,1.27
utah,1997,0.75,0.13,0.39,1.27
utah,1996,0.73,0.13,0.37,1.23
utah,1995,0.71,0.11,0.37,1.19
utah,1994,0.76,0.09,0.38,1.24
utah,1993,0.78,0.11,0.39,1.28
utah,1992,0.79,0.12,0.42,1.33
utah,1991,0.8,0.12,0.43,1.34
utah,1990,0.8,0.12,0.46,1.39
utah,1989,0.81,0.13,0.47,1.41
utah,1988,0.82,0.14,0.48,1.45
utah,1987,0.84,0.15,0.49,1.49
utah,1986,0.88,0.16,0.52,1.57
utah,1985,0.89,0.15,0.53,1.57
utah,1984,0.89,0.14,0.52,1.55
utah,1983,0.89,0.14,0.51,1.54
utah,1982,1.01,0.15,0.55,1.7
utah,1981,1.02,0.15,0.59,1.75
utah,1980,0.96,0.14,0.6,1.7
utah,1979,0.94,0.15,0.59,1.68
utah,1978,0.93,0.14,0.59,1.66
utah,1977,0.94,0.13,0.57,1.64
vermont,2016,1.56,0.79,0.73,3.08
vermont,2015,1.57,0.78,0.73,3.07
vermont,2014,1.55,0.78,0.72,3.05
vermont,2013,1.54,0.74,0.72,3
vermont,2012,1.51,0.7,0.71,2.92
vermont,2011,1.46,0.68,0.71,2.85
vermont,2010,1.44,0.64,0.71,2.8
vermont,2009,1.43,0.64,0.7,2.77
vermont,2008,1.45,0.63,0.71,2.79
vermont,2007,1.46,0.62,0.7,2.78
vermont,2006,1.45,0.6,0.69,2.73
vermont,2005,1.44,0.57,0.68,2.69
vermont,2004,1.34,0.55,0.66,2.56
vermont,2003,1.34,0.52,0.65,2.51
vermont,2002,1.34,0.51,0.63,2.48
vermont,2001,1.34,0.48,0.63,2.45
vermont,2000,1.32,0.49,0.63,2.43
vermont,1999,1.32,0.48,0.62,2.42
vermont,1998,1.31,0.46,0.62,2.39
vermont,1997,1.29,0.45,0.63,2.37
vermont,1996,1.35,0.43,0.64,2.42
vermont,1995,1.28,0.41,0.66,2.35
vermont,1994,1.34,0.42,0.74,2.5
vermont,1993,1.34,0.44,0.74,2.52
vermont,1992,1.35,0.44,0.78,2.57
vermont,1991,1.41,0.46,0.82,2.69
vermont,1990,1.47,0.48,0.85,2.8
vermont,1989,1.49,0.53,0.89,2.91
vermont,1988,1.54,0.57,0.95,3.05
vermont,1987,1.58,0.59,1,3.18
vermont,1986,1.57,0.6,1.06,3.22
vermont,1985,1.51,0.56,1.1,3.17
vermont,1984,1.49,0.49,1.16,3.15
vermont,1983,1.53,0.5,1.2,3.23
vermont,1982,1.48,0.5,1.24,3.22
vermont,1981,1.49,0.5,1.34,3.32
vermont,1980,1.43,0.48,1.38,3.29
vermont,1979,1.53,0.46,1.47,3.46
vermont,1978,1.5,0.46,1.56,3.52
vermont,1977,1.4,0.44,1.55,3.38
virginia,2016,1,0.49,0.66,2.14
virginia,2015,1,0.48,0.65,2.13
virginia,2014,1.01,0.47,0.63,2.11
virginia,2013,1.02,0.46,0.62,2.1
virginia,2012,1.04,0.46,0.62,2.12
virginia,2011,1.05,0.46,0.61,2.12
virginia,2010,1.08,0.44,0.6,2.12
virginia,2009,1.1,0.42,0.58,2.11
virginia,2008,1.12,0.42,0.58,2.12
virginia,2007,1.13,0.41,0.57,2.1
virginia,2006,1.13,0.39,0.56,2.08
virginia,2005,1.13,0.38,0.54,2.05
virginia,2004,1.14,0.37,0.53,2.04
virginia,2003,1.14,0.36,0.52,2.02
virginia,2002,1.15,0.34,0.51,2
virginia,2001,1.15,0.32,0.5,1.97
virginia,2000,1.16,0.31,0.49,1.97
virginia,1999,1.18,0.32,0.48,1.97
virginia,1998,1.17,0.3,0.47,1.95
virginia,1997,1.11,0.29,0.48,1.88
virginia,1996,1.12,0.3,0.49,1.91
virginia,1995,1.15,0.29,0.5,1.94
virginia,1994,1.2,0.27,0.51,1.99
virginia,1993,1.24,0.27,0.54,2.05
virginia,1992,1.25,0.28,0.57,2.1
virginia,1991,1.2,0.28,0.58,2.06
virginia,1990,1.25,0.3,0.62,2.18
virginia,1989,1.23,0.31,0.65,2.18
virginia,1988,1.31,0.25,0.67,2.24
virginia,1987,1.39,0.25,0.7,2.35
virginia,1986,1.52,0.27,0.73,2.52
virginia,1985,1.45,0.3,0.79,2.54
virginia,1984,1.46,0.29,0.8,2.55
virginia,1983,1.47,0.27,0.82,2.56
virginia,1982,1.46,0.27,0.86,2.59
virginia,1981,1.23,0.27,0.89,2.39
virginia,1980,1.23,0.25,0.9,2.38
virginia,1979,1.21,0.25,0.9,2.36
virginia,1978,1.2,0.21,0.89,2.3
virginia,1977,1.17,0.21,0.89,2.27
washington,2016,0.96,0.52,0.78,2.26
washington,2015,0.97,0.53,0.77,2.26
washington,2014,0.97,0.53,0.76,2.26
washington,2013,0.95,0.53,0.76,2.24
washington,2012,0.96,0.53,0.76,2.25
washington,2011,0.97,0.54,0.75,2.25
washington,2010,1.01,0.52,0.73,2.25
washington,2009,1.1,0.51,0.74,2.34
washington,2008,1.11,0.5,0.75,2.37
washington,2007,1.14,0.5,0.74,2.38
washington,2006,1.08,0.48,0.72,2.28
washington,2005,1.11,0.55,0.68,2.34
washington,2004,1.11,0.53,0.66,2.3
washington,2003,1.07,0.47,0.68,2.21
washington,2002,1.09,0.43,0.66,2.17
washington,2001,1.09,0.4,0.65,2.15
washington,2000,1.11,0.41,0.66,2.18
washington,1999,1.11,0.4,0.63,2.14
washington,1998,1.12,0.39,0.63,2.14
washington,1997,1.09,0.42,0.63,2.15
washington,1996,1.09,0.4,0.63,2.12
washington,1995,1.17,0.4,0.63,2.2
washington,1994,1.18,0.39,0.65,2.23
washington,1993,1.19,0.39,0.69,2.27
washington,1992,1.26,0.46,0.72,2.44
washington,1991,1.23,0.43,0.73,2.39
washington,1990,1.27,0.46,0.76,2.49
washington,1989,1.25,0.47,0.76,2.47
washington,1988,1.23,0.5,0.77,2.51
washington,1987,1.24,0.56,0.79,2.59
washington,1986,1.23,0.61,0.82,2.66
washington,1985,1.21,0.59,0.87,2.67
washington,1984,1.23,0.57,0.91,2.7
washington,1983,1.29,0.54,0.94,2.76
washington,1982,1.32,0.52,0.98,2.83
washington,1981,1.38,0.54,1.04,2.96
washington,1980,1.51,0.51,1.08,3.1
washington,1979,1.39,0.47,1.08,2.94
washington,1978,1.36,0.47,1.07,2.91
washington,1977,1.34,0.45,1.06,2.85
west virginia,2016,1.19,0.11,0.46,1.76
west virginia,2015,1.21,0.11,0.47,1.78
west virginia,2014,1.21,0.1,0.47,1.78
west virginia,2013,1.24,0.1,0.46,1.8
west virginia,2012,1.24,0.1,0.47,1.8
west virginia,2011,1.22,0.1,0.46,1.78
west virginia,2010,1.23,0.1,0.44,1.78
west virginia,2009,1.23,0.1,0.44,1.77
west virginia,2008,1.25,0.1,0.43,1.79
west virginia,2007,1.23,0.1,0.42,1.75
west virginia,2006,1.21,0.1,0.41,1.72
west virginia,2005,1.23,0.1,0.4,1.73
west virginia,2004,1.25,0.1,0.39,1.75
west virginia,2003,1.23,0.1,0.38,1.72
west virginia,2002,1.26,0.1,0.38,1.74
west virginia,2001,1.25,0.1,0.37,1.72
west virginia,2000,1.24,0.1,0.36,1.7
west virginia,1999,1.22,0.1,0.37,1.69
west virginia,1998,1.18,0.09,0.36,1.64
west virginia,1997,1.12,0.09,0.37,1.58
west virginia,1996,1.12,0.09,0.37,1.58
west virginia,1995,1.12,0.08,0.38,1.58
west virginia,1994,1.17,0.08,0.39,1.64
west virginia,1993,1.18,0.08,0.4,1.67
west virginia,1992,1.16,0.09,0.41,1.66
west virginia,1991,1.18,0.09,0.43,1.7
west virginia,1990,1.2,0.1,0.42,1.72
west virginia,1989,1.15,0.11,0.39,1.65
west virginia,1988,1.15,0.12,0.41,1.68
west virginia,1987,1.13,0.13,0.41,1.68
west virginia,1986,1.12,0.13,0.42,1.67
west virginia,1985,1.13,0.13,0.42,1.69
west virginia,1984,1.13,0.12,0.45,1.7
west virginia,1983,1.14,0.13,0.49,1.76
west virginia,1982,1.11,0.14,0.55,1.8
west virginia,1981,1.05,0.14,0.65,1.85
west virginia,1980,1,0.09,0.72,1.81
west virginia,1979,0.94,0.09,0.75,1.77
west virginia,1978,0.93,0.09,0.76,1.78
west virginia,1977,0.95,0.09,0.76,1.8
wisconsin,2016,1.36,0.4,1.22,2.98
wisconsin,2015,1.39,0.39,1.2,2.98
wisconsin,2014,1.41,0.38,1.18,2.97
wisconsin,2013,1.45,0.38,1.17,2.99
wisconsin,2012,1.46,0.37,1.18,3.02
wisconsin,2011,1.46,0.37,1.16,2.98
wisconsin,2010,1.49,0.32,1.13,2.94
wisconsin,2009,1.49,0.31,1.16,2.96
wisconsin,2008,1.55,0.34,1.13,3.01
wisconsin,2007,1.56,0.33,1.11,3
wisconsin,2006,1.58,0.32,1.09,2.99
wisconsin,2005,1.58,0.31,1.07,2.95
wisconsin,2004,1.53,0.3,1.02,2.85
wisconsin,2003,1.53,0.29,1,2.82
wisconsin,2002,1.56,0.28,0.98,2.82
wisconsin,2001,1.54,0.26,0.95,2.75
wisconsin,2000,1.53,0.27,0.95,2.76
wisconsin,1999,1.53,0.26,0.92,2.72
wisconsin,1998,1.58,0.26,0.9,2.74
wisconsin,1997,1.57,0.25,0.89,2.71
wisconsin,1996,1.53,0.24,0.88,2.65
wisconsin,1995,1.64,0.23,0.87,2.73
wisconsin,1994,1.58,0.22,0.91,2.72
wisconsin,1993,1.59,0.22,0.89,2.71
wisconsin,1992,1.59,0.25,0.9,2.74
wisconsin,1991,1.65,0.27,0.84,2.76
wisconsin,1990,1.74,0.31,1.03,3.07
wisconsin,1989,1.72,0.31,0.96,2.99
wisconsin,1988,1.76,0.33,0.95,3.05
wisconsin,1987,1.8,0.36,0.98,3.14
wisconsin,1986,1.88,0.34,0.96,3.18
wisconsin,1985,1.83,0.32,1.06,3.2
wisconsin,1984,1.87,0.31,1.03,3.21
wisconsin,1983,1.94,0.34,1.07,3.35
wisconsin,1982,1.95,0.3,1.05,3.3
wisconsin,1981,1.96,0.32,1.21,3.48
wisconsin,1980,1.95,0.31,1.19,3.45
wisconsin,1979,1.92,0.28,1.19,3.39
wisconsin,1978,1.83,0.28,1.2,3.31
wisconsin,1977,1.81,0.27,1.28,3.37
wyoming,2016,1.18,0.32,1.17,2.67
wyoming,2015,1.24,0.31,1.18,2.74
wyoming,2014,1.25,0.31,1.16,2.72
wyoming,2013,1.24,0.29,1.13,2.67
wyoming,2012,1.32,0.28,1.13,2.73
wyoming,2011,1.29,0.27,1.1,2.66
wyoming,2010,1.33,0.27,1.06,2.66
wyoming,2009,1.4,0.27,1.06,2.73
wyoming,2008,1.5,0.27,1.09,2.87
wyoming,2007,1.46,0.27,1.07,2.8
wyoming,2006,1.44,0.26,1.03,2.72
wyoming,2005,1.2,0.25,0.96,2.41
wyoming,2004,1.42,0.24,0.92,2.58
wyoming,2003,1.7,0.23,0.9,2.84
wyoming,2002,1.46,0.23,0.88,2.57
wyoming,2001,1.44,0.22,0.88,2.53
wyoming,2000,1.42,0.22,0.86,2.5
wyoming,1999,1.41,0.22,0.84,2.47
wyoming,1998,1.37,0.17,0.81,2.36
wyoming,1997,1.41,0.17,0.81,2.4
wyoming,1996,1.35,0.17,0.81,2.33
wyoming,1995,1.34,0.16,0.8,2.29
wyoming,1994,1.42,0.18,0.83,2.43
wyoming,1993,1.4,0.19,0.86,2.45
wyoming,1992,1.44,0.2,0.91,2.56
wyoming,1991,1.45,0.2,0.9,2.56
wyoming,1990,1.48,0.22,0.93,2.63
wyoming,1989,1.41,0.23,0.86,2.5
wyoming,1988,1.45,0.24,0.87,2.56
wyoming,1987,1.51,0.25,0.9,2.66
wyoming,1986,1.51,0.27,0.96,2.73
wyoming,1985,1.59,0.25,1.05,2.89
wyoming,1984,1.61,0.23,1.06,2.89
wyoming,1983,1.68,0.22,1.11,3.01
wyoming,1982,1.78,0.24,1.2,3.22
wyoming,1981,1.91,0.24,1.27,3.43
wyoming,1980,1.85,0.24,1.32,3.41
wyoming,1979,1.86,0.22,1.3,3.39
wyoming,1978,1.81,0.22,1.35,3.38
wyoming,1977,1.78,0.2,1.31,3.29
northeast region,2016,1.03,0.52,0.86,2.42
northeast region,2015,1.03,0.51,0.84,2.39
northeast region,2014,1.03,0.53,0.84,2.39
northeast region,2013,1.05,0.52,0.83,2.4
northeast region,2012,1.06,0.51,0.82,2.39
northeast region,2011,1.05,0.5,0.8,2.36
northeast region,2010,1.06,0.49,0.78,2.33
northeast region,2009,1.07,0.48,0.77,2.31
northeast region,2008,1.09,0.47,0.76,2.31
northeast region,2007,1.09,0.47,0.75,2.31
northeast region,2006,1.07,0.45,0.73,2.25
northeast region,2005,1.07,0.44,0.72,2.22
northeast region,2004,1.07,0.43,0.7,2.2
northeast region,2003,1.08,0.41,0.68,2.17
northeast region,2002,1.1,0.4,0.66,2.16
northeast region,2001,1.1,0.38,0.64,2.13
northeast region,2000,1.08,0.38,0.66,2.12
northeast region,1999,1.07,0.38,0.63,2.08
northeast region,1998,1.07,0.37,0.61,2.05
northeast region,1997,1.07,0.36,0.63,2.06
northeast region,1996,1.07,0.36,0.64,2.06
northeast region,1995,1.11,0.35,0.64,2.11
northeast region,1994,1.11,0.34,0.67,2.12
northeast region,1993,1.13,0.34,0.68,2.15
northeast region,1992,1.14,0.35,0.72,2.21
northeast region,1991,1.19,0.34,0.73,2.26
northeast region,1990,1.23,0.38,0.8,2.41
northeast region,1989,1.22,0.39,0.84,2.44
northeast region,1988,1.25,0.4,0.86,2.51
northeast region,1987,1.25,0.43,0.91,2.59
northeast region,1986,1.24,0.44,0.93,2.62
northeast region,1985,1.25,0.43,0.98,2.66
northeast region,1984,1.25,0.43,1.01,2.7
northeast region,1983,1.31,0.43,1.03,2.76
northeast region,1982,1.31,0.43,1.06,2.8
northeast region,1981,1.31,0.42,1.07,2.8
northeast region,1980,1.33,0.4,1.09,2.83
northeast region,1979,1.29,0.38,1.09,2.76
northeast region,1978,1.26,0.36,1.1,2.73
northeast region,1977,1.25,0.34,1.1,2.69
midwest region,2016,1.14,0.35,0.87,2.37
midwest region,2015,1.15,0.35,0.86,2.36
midwest region,2014,1.16,0.34,0.84,2.35
midwest region,2013,1.17,0.34,0.83,2.34
midwest region,2012,1.2,0.33,0.82,2.35
midwest region,2011,1.2,0.32,0.79,2.31
midwest region,2010,1.23,0.3,0.77,2.3
midwest region,2009,1.25,0.3,0.76,2.32
midwest region,2008,1.27,0.29,0.76,2.33
midwest region,2007,1.28,0.3,0.74,2.32
midwest region,2006,1.27,0.28,0.72,2.27
midwest region,2005,1.27,0.27,0.71,2.25
midwest region,2004,1.28,0.26,0.68,2.22
midwest region,2003,1.28,0.26,0.68,2.23
midwest region,2002,1.3,0.25,0.64,2.19
midwest region,2001,1.29,0.23,0.65,2.17
midwest region,2000,1.29,0.24,0.63,2.16
midwest region,1999,1.29,0.24,0.63,2.15
midwest region,1998,1.28,0.23,0.63,2.14
midwest region,1997,1.26,0.23,0.62,2.11
midwest region,1996,1.28,0.23,0.62,2.12
midwest region,1995,1.29,0.22,0.62,2.12
midwest region,1994,1.3,0.22,0.63,2.14
midwest region,1993,1.3,0.22,0.67,2.18
midwest region,1992,1.31,0.23,0.68,2.21
midwest region,1991,1.35,0.23,0.67,2.25
midwest region,1990,1.38,0.26,0.74,2.37
midwest region,1989,1.36,0.26,0.72,2.35
midwest region,1988,1.38,0.29,0.75,2.41
midwest region,1987,1.38,0.3,0.77,2.45
midwest region,1986,1.38,0.3,0.78,2.46
midwest region,1985,1.37,0.28,0.84,2.49
midwest region,1984,1.4,0.27,0.84,2.52
midwest region,1983,1.42,0.25,0.87,2.54
midwest region,1982,1.42,0.27,0.88,2.57
midwest region,1981,1.42,0.26,0.93,2.61
midwest region,1980,1.42,0.24,0.96,2.63
midwest region,1979,1.4,0.23,0.95,2.58
midwest region,1978,1.35,0.22,0.95,2.52
midwest region,1977,1.32,0.21,0.96,2.49
south region,2016,1.11,0.37,0.79,2.27
south region,2015,1.12,0.36,0.77,2.24
south region,2014,1.11,0.35,0.75,2.22
south region,2013,1.16,0.34,0.74,2.24
south region,2012,1.18,0.34,0.73,2.25
south region,2011,1.16,0.33,0.71,2.21
south region,2010,1.17,0.32,0.7,2.19
south region,2009,1.21,0.31,0.69,2.21
south region,2008,1.24,0.31,0.68,2.23
south region,2007,1.26,0.31,0.68,2.24
south region,2006,1.27,0.3,0.67,2.23
south region,2005,1.26,0.29,0.65,2.2
south region,2004,1.27,0.29,0.64,2.19
south region,2003,1.27,0.27,0.64,2.18
south region,2002,1.28,0.26,0.62,2.16
south region,2001,1.29,0.25,0.6,2.14
south region,2000,1.3,0.25,0.61,2.17
south region,1999,1.3,0.25,0.6,2.15
south region,1998,1.3,0.24,0.6,2.13
south region,1997,1.3,0.23,0.6,2.13
south region,1996,1.3,0.23,0.61,2.15
south region,1995,1.29,0.22,0.61,2.12
south region,1994,1.31,0.22,0.64,2.16
south region,1993,1.33,0.22,0.66,2.2
south region,1992,1.33,0.23,0.69,2.26
south region,1991,1.31,0.23,0.69,2.23
south region,1990,1.36,0.26,0.74,2.36
south region,1989,1.33,0.26,0.74,2.33
south region,1988,1.34,0.27,0.74,2.35
south region,1987,1.34,0.27,0.77,2.39
south region,1986,1.36,0.28,0.79,2.43
south region,1985,1.34,0.27,0.86,2.47
south region,1984,1.34,0.27,0.9,2.51
south region,1983,1.36,0.25,0.91,2.52
south region,1982,1.37,0.23,0.94,2.54
south region,1981,1.36,0.24,0.98,2.58
south region,1980,1.3,0.23,0.97,2.5
south region,1979,1.27,0.2,0.99,2.46
south region,1978,1.25,0.19,1,2.44
south region,1977,1.21,0.19,0.98,2.37
west region,2016,1.03,0.55,0.84,2.42
west region,2015,1.05,0.52,0.82,2.38
west region,2014,1.06,0.55,0.8,2.41
west region,2013,1.04,0.55,0.81,2.41
west region,2012,1.05,0.57,0.81,2.42
west region,2011,1.04,0.54,0.78,2.36
west region,2010,1.06,0.48,0.76,2.31
west region,2009,1.11,0.52,0.76,2.38
west region,2008,1.15,0.51,0.76,2.42
west region,2007,1.17,0.49,0.76,2.42
west region,2006,1.13,0.51,0.76,2.4
west region,2005,1.14,0.5,0.73,2.36
west region,2004,1.17,0.48,0.71,2.35
west region,2003,1.17,0.46,0.69,2.32
west region,2002,1.18,0.44,0.68,2.3
west region,2001,1.19,0.43,0.68,2.3
west region,2000,1.21,0.43,0.68,2.32
west region,1999,1.2,0.43,0.65,2.29
west region,1998,1.19,0.43,0.64,2.26
west region,1997,1.2,0.44,0.65,2.3
west region,1996,1.22,0.43,0.67,2.32
west region,1995,1.23,0.4,0.66,2.29
west region,1994,1.2,0.41,0.7,2.31
west region,1993,1.26,0.42,0.72,2.39
west region,1992,1.33,0.45,0.76,2.54
west region,1991,1.3,0.44,0.76,2.5
west region,1990,1.37,0.5,0.84,2.71
west region,1989,1.35,0.51,0.84,2.69
west region,1988,1.36,0.56,0.86,2.79
west region,1987,1.38,0.62,0.89,2.89
west region,1986,1.39,0.65,0.92,2.96
west region,1985,1.37,0.65,0.99,3.01
west region,1984,1.4,0.61,1.03,3.04
west region,1983,1.42,0.61,1.07,3.1
west region,1982,1.44,0.59,1.1,3.13
west region,1981,1.49,0.6,1.16,3.24
west region,1980,1.47,0.59,1.19,3.24
west region,1979,1.45,0.56,1.2,3.22
west region,1978,1.39,0.55,1.23,3.18
west region,1977,1.35,0.53,1.2,3.08
us total,2016,1.08,0.44,0.83,2.35
us total,2015,1.09,0.42,0.81,2.33
us total,2014,1.1,0.43,0.8,2.32
us total,2013,1.12,0.42,0.79,2.33
us total,2012,1.13,0.42,0.78,2.34
us total,2011,1.12,0.41,0.76,2.29
us total,2010,1.14,0.38,0.74,2.26
us total,2009,1.17,0.39,0.73,2.29
us total,2008,1.2,0.38,0.73,2.31
us total,2007,1.21,0.38,0.72,2.31
us total,2006,1.2,0.37,0.71,2.28
us total,2005,1.2,0.36,0.7,2.25
us total,2004,1.21,0.35,0.68,2.24
us total,2003,1.21,0.34,0.67,2.22
us total,2002,1.23,0.33,0.64,2.2
us total,2001,1.23,0.31,0.64,2.18
us total,2000,1.23,0.31,0.64,2.19
us total,1999,1.23,0.31,0.63,2.17
us total,1998,1.22,0.3,0.62,2.15
us total,1997,1.22,0.3,0.62,2.15
us total,1996,1.23,0.3,0.63,2.16
us total,1995,1.24,0.29,0.63,2.15
us total,1994,1.25,0.28,0.65,2.18
us total,1993,1.26,0.28,0.68,2.23
us total,1992,1.29,0.3,0.71,2.3
us total,1991,1.29,0.3,0.71,2.3
us total,1990,1.34,0.33,0.77,2.45
us total,1989,1.32,0.34,0.78,2.43
us total,1988,1.33,0.36,0.79,2.49
us total,1987,1.34,0.38,0.83,2.55
us total,1986,1.35,0.39,0.84,2.58
us total,1985,1.33,0.38,0.91,2.62
us total,1984,1.35,0.37,0.94,2.65
us total,1983,1.37,0.36,0.96,2.69
us total,1982,1.38,0.36,0.98,2.72
us total,1981,1.39,0.35,1.02,2.76
us total,1980,1.37,0.34,1.04,2.75
us total,1979,1.34,0.31,1.04,2.7
us total,1978,1.3,0.3,1.05,2.66
us total,1977,1.27,0.29,1.04,2.6
